nama_instansi,nama_satuan_kerja,kode_paket,kode_rup,tahun_anggaran,sumber_transaksi,sumber_dana,nama_penyedia,metode_pengadaan,jenis_pengadaan,nama_paket,status_paket,total_nilai,nilai_pdn
PROVINSI DKI JAKARTA,"DINAS KOMUNIKASI, INFORMATIKA DAN STATISTIK - 2.16.2.20.0.00.01.0000",59437127,46598770,2024,Tender,APBD,PT.Platinum Network Indonesia,Tender,Jasa Lainnya,Pemeliharaan Data Center,SELESAI,2599753200,2599753200
PROVINSI DKI JAKARTA,DINAS LINGKUNGAN HIDUP - 2.11.0.00.0.00.01.0000,59847127,46756535;51603366,2024,Tender,APBD,CV. PUTRA BAYAK RAYA,Tender,Pekerjaan Konstruksi,",Pekerjaan Konstruksi Rehabilitasi Gedung Dinas Lingkungan Hidup",SELESAI,10923352300,10923352300
PROVINSI DKI JAKARTA,BADAN PENDAPATAN DAERAH - 5.02.0.00.0.00.03.0000,61237127,48008305,2024,Tender,APBD,PT. HANASTHA KARYA MANDIRI,Tender,Pekerjaan Konstruksi,Perbaikan Gedung UPPPD Bapenda,SELESAI,3671012958,3671012958
PROVINSI DKI JAKARTA,"DINAS CIPTA KARYA, TATA RUANG DAN PERTANAHAN - 1.03.0.00.0.00.03.0000",60060127,50774494,2024,Tender,APBD,PT. PARAMITRA MULTI PRAKASA,Tender,Pekerjaan Konstruksi,Pekerjaan Restorasi Rumah Dinas Gubernur DKI Jakarta,SELESAI,19012867130,19012867130
PROVINSI DKI JAKARTA,UNIT PENGELOLA RUMAH SUSUN VIII - 1.04.0.00.0.00.01.0016,59454127,46838623,2024,Tender,APBD,PT. GRANITINDO CIPTA SEJATI,Seleksi,Jasa Konsultansi Badan Usaha Konstruksi,Jasa Konsultansi Konstruksi Perencanaan Perawatan Berkala Rumah Susun Blk Pasar Rebo,SELESAI,491619000,491619000
PROVINSI DKI JAKARTA,DINAS SOSIAL - 1.06.0.00.0.00.01.0000,59797127,49062031,2024,Tender,APBD,CIKAL TRANSPARANSI KONSULTAN,Seleksi,Jasa Konsultansi Badan Usaha Konstruksi,Pengawasan Pemeliharaan Gedung A dan B Kantor Dinas Sosial Provinsi DKI Jakarta,SELESAI,163059000,163059000
PROVINSI DKI JAKARTA,DINAS BINA MARGA - 1.03.0.00.0.00.01.0000,59365127,48015721,2024,Tender,APBD,PT. Rudian Hanskoji Konsultan,Seleksi,Jasa Konsultansi Badan Usaha Konstruksi,Pembangunan Trotoar Beserta Bangunan Pelengkap Jalan di Provinsi DKI Jakarta (Pengawasan Pembangunan Trotoar Bidang Kelengkapan Jalan Paket 1),SELESAI,786346200,786346200
PROVINSI DKI JAKARTA,DINAS PERHUBUNGAN - 2.15.0.00.0.00.01.0000,59543127,49775198,2024,Tender,APBD,KAP RONI PUPUNG,Seleksi,Jasa Konsultansi Badan Usaha Non Konstruksi,Pengadaan Jasa Konsultansi Audit Keuangan Pemberian Subsidi Prasarana dan Sarana MRT Jakarta Tahun 2024,SELESAI,800699451,800699451
PROVINSI DKI JAKARTA,"DINAS CIPTA KARYA, TATA RUANG DAN PERTANAHAN - 1.03.0.00.0.00.03.0000",59561127,44842266,2024,Tender,APBD,PT. BAYU SUKSES PRATAMA,Tender,Pekerjaan Konstruksi,Pekerjaan Konstruksi Revitalisasi Sistem Hidran Balaikota DKI Jakarta,SELESAI,24484477075,24484477075
PROVINSI DKI JAKARTA,PUSAT DATA DAN TEKNOLOGI INFORMASI KESEHATAN DAERAH - 1.02.0.00.0.00.01.0089,59340127,47482828,2024,Tender,APBD,IRA NISRAWATI HAFILI,Seleksi,Jasa Konsultansi Perorangan Non Konstruksi,Tenaga Ahli Analis Data (2),SELESAI,111925000,111925000
PROVINSI DKI JAKARTA,DINAS LINGKUNGAN HIDUP - 2.11.0.00.0.00.01.0000,59706127,46761038;51618936,2024,Tender,APBD,pt. fatek engineering consultant,Seleksi,Jasa Konsultansi Badan Usaha Konstruksi,Jasa Konsultansi Pengawasan Pembangunan Aula dan Pembangunan Pagar Asrama Ciracas,SELESAI,174492000,174492000
PROVINSI DKI JAKARTA,SUKU BADAN PENGELOLAAN ASET DAERAH KOTA - JAKSEL - 5.02.0.00.0.00.02.0004,59328127,45839820,2024,Tender,APBD,PT. MATARAM SURYA CIPTA,Seleksi,Jasa Konsultansi Badan Usaha Konstruksi,Jasa Konsultansi Perencanaan Pemagaran Tanah Aset Milik Pemerintah Provinsi DKI Jakarta di Lahan Dinas Lingkungan Hidup Desa Ciangir Kabupaten Tangerang,SELESAI,582417000,582417000
PROVINSI DKI JAKARTA,KOTA ADMINISTRASI JAKARTA PUSAT - 7.01.0.00.0.00.01.0000,59836127,51247524,2024,Tender,APBD,PT. BAYU BERLIAN MANDIRI,Seleksi,Jasa Konsultansi Badan Usaha Konstruksi,Perencanaan Rehab Total Kantor Lurah Senen Kota Administrasi Jakarta Pusat,SELESAI,276765180,276765180
PROVINSI DKI JAKARTA,DINAS BINA MARGA - 1.03.0.00.0.00.01.0000,59865127,47183258,2024,Tender,APBD,PT.SADHYA GRAHACARA,Seleksi,Jasa Konsultansi Badan Usaha Konstruksi,Perencanaan DED Jembatan di Provinsi DKI Jakarta Paket 1 Tahun 2024,SELESAI,350565750,350565750
PROVINSI DKI JAKARTA,UNIT PENGELOLA SAMPAH TERPADU - 2.11.0.00.0.00.01.0008,59687127,50609610,2024,Tender,APBD,PT. BUMI MADANI,Seleksi,Jasa Konsultansi Badan Usaha Konstruksi,Penurapan Kali di TPST Bantargebang (Konsultan Pengawas),SELESAI,213564000,213564000
PROVINSI DKI JAKARTA,BIRO KERJASAMA DAERAH - 4.01.0.00.0.00.01.0008,60001127,48697744,2024,Tender,APBD,Ernst & Young Indonesia,Seleksi,Jasa Konsultansi Badan Usaha Non Konstruksi,Jasa Konsultansi Berorientasi Layanan-Jasa Konsultansi Manajemen - Grand Design Kerja sama,SELESAI,4256748713,4256748713
PROVINSI DKI JAKARTA,PUSAT DATA DAN TEKNOLOGI INFORMASI KESEHATAN DAERAH - 1.02.0.00.0.00.01.0089,59343127,47483295,2024,Tender,APBD,Delima Mentari Amara,Seleksi,Jasa Konsultansi Perorangan Non Konstruksi,Tenaga Ahli Pengelola Media Sosial,SELESAI,111925000,111925000
PROVINSI DKI JAKARTA,DINAS SUMBER DAYA AIR - 1.03.0.00.0.00.02.0000,59920127,51621345,2024,Tender,APBD,PT. Ambara Puspita,Seleksi,Jasa Konsultansi Badan Usaha Konstruksi,"Pengawasan Pembangunan Sistem Pengelolaan Air Limbah Domestik Terpusat (SPALD-T) Skala Permukiman di Embung Pekayon, Taman Sirsak, Taman Tongkang, Taman RW 08 Kramat dan Taman RW 10 Sukapura",SELESAI,1017204000,1017204000
PROVINSI DKI JAKARTA,UNIT PENANGANAN SAMPAH BADAN AIR - 2.11.0.00.0.00.01.0010,61264127,51612834,2024,Tender,APBD,PT. DAYACIPTA KREASI BERSAMA,Seleksi,Jasa Konsultansi Badan Usaha Konstruksi,Perencanaan Pembangunan Hanggar TB Simatupang,SELESAI,338566650,338566650
PROVINSI DKI JAKARTA,DINAS SUMBER DAYA AIR - 1.03.0.00.0.00.02.0000,59802127,51397426,2024,Tender,APBD,PT ARDIA MANDIRI,Seleksi,Jasa Konsultansi Badan Usaha Konstruksi,Pengawasan Peningkatan Sambungan Rumah (SR) SPALD-T Skala Permukiman Sistem Penyaluran Terpisah (Sewerage) Eksisting di Provinsi DKI Jakarta Tahun 2024,SELESAI,755854500,755854500
PROVINSI DKI JAKARTA,"DINAS CIPTA KARYA, TATA RUANG DAN PERTANAHAN - 1.03.0.00.0.00.03.0000",60121127,51884775,2024,Tender,APBD,PT. ARTHA BUANA PERKASA,Tender,Pekerjaan Konstruksi,Jasa Konstruksi Rumah Negara Golongan I Tipe A (Jalan Besakih),SELESAI,15741344348,15741344348
PROVINSI DKI JAKARTA,DINAS PEMUDA DAN OLAHRAGA - 2.19.0.00.0.00.01.0000,59941127,47290394,2024,Tender,APBD,CEMARA MUTO SEMESTA,Seleksi,Jasa Konsultansi Badan Usaha Konstruksi,Perencanaan Revitalisasi Kawasan GOR Kemakmuran,SELESAI,899377500,899377500
PROVINSI DKI JAKARTA,PUSKESMAS PASAR REBO - 1.02.0.00.0.00.01.0122,61246127,52191604,2024,Tender,BLUD,PT. BERKAH TIALAM MARISITUA,Tender,Pekerjaan Konstruksi,Pekerjaan Instalasi Hidran Puskesmas Pasar Rebo,SELESAI,1046981565,1046981565
PROVINSI DKI JAKARTA,UNIT PENGELOLA SAMPAH TERPADU - 2.11.0.00.0.00.01.0008,57794127,45592625,2024,Tender,APBD,AGRINAS PANGAN NUSANTARA (PERSERO),Seleksi,Jasa Konsultansi Badan Usaha Konstruksi,Manajemen Konstruksi Pembangunan RDF Plant Jakarta,SELESAI,16766094900,16766094900
PROVINSI DKI JAKARTA,KOTA ADMINISTRASI JAKARTA SELATAN - 7.01.0.00.0.00.04.0000,59253127,45689728,2024,Tender,APBD,PT.PERMATA DWILESTARI,Tender,Pekerjaan Konstruksi,Pembangunan Gedung Kantor Camat Mampang Prapatan,SELESAI,27364438400,27364438400
PROVINSI DKI JAKARTA,BADAN PELAYANAN PENGADAAN BARANG/JASA - 5.02.0.00.0.00.04.0000,57888127,44881352;44881503;56964015,2024,Tender,APBD,Raja Muchlisar,Seleksi,Jasa Konsultansi Perorangan Non Konstruksi,Penyediaan Tenaga Ahli Software Programmer 5,SELESAI,107800000,107800000
PROVINSI DKI JAKARTA,UNIT PENGELOLA JAKARTA ASSET MANAGEMENT CENTRE - 5.02.0.00.0.00.02.0010,60184127,52091801,2024,Tender,BLUD,PT. DAYACIPTA KREASI BERSAMA,Seleksi,Jasa Konsultansi Badan Usaha Konstruksi,Jasa Konsultansi Pengawasan Penataan Ruang Gedung Unit Pengelola Jakarta Asset Management Centre BPAD Provinsi DKI Jakarta,SELESAI,421611300,421611300
PROVINSI DKI JAKARTA,UNIT PENGELOLA SAMPAH TERPADU - 2.11.0.00.0.00.01.0008,59861127,51511243,2024,Tender,APBD,PT. BUMI MADANI,Seleksi,Jasa Konsultansi Badan Usaha Konstruksi,Pemeliharaan Jalan Operasional TPST Bantargebang (Konsultan Pengawas),SELESAI,302142000,302142000
PROVINSI DKI JAKARTA,BADAN PEMBINAAN BADAN USAHA MILIK DAERAH - 5.02.0.00.0.00.05.0000,60181127,51916468,2024,Tender,APBD,PT RSM Indonesia Konsultan,Seleksi,Jasa Konsultansi Badan Usaha Non Konstruksi,Pelaksanaan due diligence,SELESAI,992562000,992562000
PROVINSI DKI JAKARTA,UNIT PENGELOLA JAMINAN KESEHATAN JAKARTA - 1.02.0.00.0.00.01.0011,59359127,46520400,2024,Tender,APBD,Fauzia Filardi,Seleksi,Jasa Konsultansi Perorangan Non Konstruksi,Belanja Jasa Tenaga Ahli Programmer,SELESAI,151000000,151000000
PROVINSI DKI JAKARTA,DINAS PERUMAHAN RAKYAT DAN KAWASAN PERMUKIMAN - 1.04.0.00.0.00.01.0000,59704127,47582707;51389899,2024,Tender,APBD,PT.HERPIS PERTOMA MULIA,Seleksi,Jasa Konsultansi Badan Usaha Konstruksi,",Pengawasan Pemeliharaan Berkala Rumah Susun 7 (Muara Angke)",SELESAI,269286000,269286000
PROVINSI DKI JAKARTA,DINAS SUMBER DAYA AIR - 1.03.0.00.0.00.02.0000,59606127,50431657,2024,Tender,APBD,PT. SARANA BHUANA JAYA,Seleksi,Jasa Konsultansi Badan Usaha Konstruksi,"Studi Kelayakan, Kajian, Dan Perancangan Waduk/ Situ/ Embung",SELESAI,2496739058,2496739058
PROVINSI DKI JAKARTA,DINAS KESEHATAN - 1.02.0.00.0.00.01.0000,59680127,49691485,2024,Tender,APBD,PT. GRANITINDO CIPTA SEJATI,Seleksi,Jasa Konsultansi Badan Usaha Konstruksi,Jasa Konsultansi Perencanaan Pengembangan RSUD di Wilayah Kecamatan Pesanggrahan,SELESAI,702363600,702363600
PROVINSI DKI JAKARTA,DINAS PENANAMAN MODAL DAN PELAYANAN TERPADU SATU PINTU - 2.18.0.00.0.00.01.0000,59903127,45320472,2024,Tender,APBD,PT. INSPIRASI KREASI NUSANTARA,Tender,Jasa Lainnya,Pelaksanaan Jakarta Investment Award 2024,SELESAI,898222761,898222761
PROVINSI DKI JAKARTA,"DINAS CIPTA KARYA, TATA RUANG DAN PERTANAHAN - 1.03.0.00.0.00.03.0000",59099127,45716035,2024,Tender,APBD,PRISMA KARYA NUSANTARA,Seleksi,Jasa Konsultansi Badan Usaha Konstruksi,Perencanaan Restorasi Rumah Dinas Gubernur DKI Jakarta,SELESAI,766788000,766788000
PROVINSI DKI JAKARTA,"DINAS CIPTA KARYA, TATA RUANG DAN PERTANAHAN - 1.03.0.00.0.00.03.0000",61239127,52048958,2024,Tender,APBD,PT. JAGAT OMAR NUSANTARA,Tender,Pekerjaan Konstruksi,Konstruksi Perawatan Bangunan Gedung Dinas Teknis Jatibaru,SELESAI,9742191000,9742191000
PROVINSI DKI JAKARTA,DINAS PENANAMAN MODAL DAN PELAYANAN TERPADU SATU PINTU - 2.18.0.00.0.00.01.0000,59832127,48182255,2024,Tender,APBD,PT REYN EVIMERIA INDONESIA,Tender,Jasa Lainnya,Penyelenggaraan Jakarta Investment Festival 2024,SELESAI,4514564850,4514564850
PROVINSI DKI JAKARTA,SUKU DINAS KESEHATAN KOTA ADMINISTRASI JAKARTA BARAT - 1.02.0.00.0.00.01.0003,59716127,48395944,2024,Tender,APBD,pt. fatek engineering consultant,Seleksi,Jasa Konsultansi Badan Usaha Konstruksi,Pengawasan Konstruksi Rehabilitasi Total Puskesmas di Kelurahan Duri Kepa,SELESAI,593505900,593505900
PROVINSI DKI JAKARTA,DINAS PERTAMANAN DAN HUTAN KOTA - 3.28.0.00.0.00.01.0000,61272127,52290121,2024,Tender,APBD,PT. ASURANSI UMUM BUMIPUTERA MUDA 1967,Tender,Jasa Lainnya,Pembayaran Premi Asuransi Akibat Bencana Pohon Tumbang,SELESAI,888000000,888000000
PROVINSI DKI JAKARTA,DINAS PERHUBUNGAN - 2.15.0.00.0.00.01.0000,59565127,49310138,2024,Tender,APBD,PT Sinarjaya Megahlanggeng,Tender,Jasa Lainnya,Penyelenggaraan Mudik dan Balik Gratis Angkutan Lebaran Provinsi DKI Jakarta Tahun 2024,SELESAI,11149004204,11149004204
PROVINSI DKI JAKARTA,UNIT PENGELOLA PRASARANA DAN SARANA PENDIDIKAN - 1.01.0.00.0.00.01.0039,60112127,51897783,2024,Tender,APBD,PT. Cargonesia Utama Trans,Tender,Jasa Lainnya,Sewa Angkut Balik Rehab Total Gedung Sekolah Tahun Anggaran 2023,SELESAI,469530000,469530000
PROVINSI DKI JAKARTA,UNIT PENGELOLA JAMINAN KESEHATAN JAKARTA - 1.02.0.00.0.00.01.0011,59362127,46505013,2024,Tender,APBD,Nurul Suci Jelita,Seleksi,Jasa Konsultansi Perorangan Non Konstruksi,Belanja Jasa Tenaga Ahli Verifikator Klaim Kategori B.1,SELESAI,111000000,111000000
PROVINSI DKI JAKARTA,PUSAT KRISIS DAN KEGAWATDARURATAN KESEHATAN DAERAH - 1.02.0.00.0.00.01.0088,59882127,48708745,2024,Tender,APBD,pt trisetia cipta persada,Tender,Pengadaan Barang,Pengadaan Kapal Pelayanan Kesehatan,SELESAI,31947998910,31947998910
PROVINSI DKI JAKARTA,DINAS KEBUDAYAAN - 2.22.0.00.0.00.01.0000,59900127,50664661,2024,Tender,APBD,PT. KOMSHA AKUR CONSULT,Seleksi,Jasa Konsultansi Badan Usaha Konstruksi,Pengawasan Pembangunan Bangunan Pendukung Rumah MT Haryono,SELESAI,286380000,286380000
PROVINSI DKI JAKARTA,DINAS PERUMAHAN RAKYAT DAN KAWASAN PERMUKIMAN - 1.04.0.00.0.00.01.0000,59710127,47598601,2024,Tender,APBD,PT. SUMBER BAYAK KREASI,Tender,Pekerjaan Konstruksi,Pelasanaan Fisik Pembangunan Sarana Prasarana Rumah Susun Daan Mogot,SELESAI,16334254479,16334254479
PROVINSI DKI JAKARTA,KABUPATEN ADMINISTRASI KEPULAUAN SERIBU - KEP. SERIBU - 7.01.0.00.0.00.06.0000,59549127,47628956,2024,Tender,APBD,PT.  CIRIA ADIJAYA MANDIRI,Seleksi,Jasa Konsultansi Badan Usaha Konstruksi,Pengawas Pembangunan Kantor TPU Pulau Harapan,SELESAI,330946500,330946500
PROVINSI DKI JAKARTA,RUMAH SAKIT UMUM DAERAH PASAR MINGGU - 1.02.0.00.0.00.01.0063,60061127,50560040,2024,Tender,BLUD,PT. CITRA PRASASTI KONSORINDO,Tender,Pekerjaan Konstruksi Terintegrasi,BELANJA MODAL GEDUNG DAN BANGUNAN BLUD,SELESAI,43872491044,43872491044
PROVINSI DKI JAKARTA,SUKU DINAS PERUMAHAN RAKYAT DAN KAWASAN PERMUKIMAN KOTA ADMINISTRASI JAKARTA PUSAT - 1.04.0.00.0.00.01.0001,59597127,47275976,2024,Tender,APBD,PT. WAHANA PRAKARSA UTAMA,Seleksi,Jasa Konsultansi Badan Usaha Konstruksi,"Konsultansi Pengawasan Peningkatan Prasarana, Sarana dan Utilitas (PSU) di Kelurahan Harapan Mulia",SELESAI,149716800,149716800
PROVINSI DKI JAKARTA,SUKU DINAS PERUMAHAN RAKYAT DAN KAWASAN PERMUKIMAN KOTA ADMINISTRASI JAKARTA UTARA - 1.04.0.00.0.00.01.0002,59643127,47393991,2024,Tender,APBD,PT. Bina Jasindo Sainstek,Seleksi,Jasa Konsultansi Badan Usaha Konstruksi,"Pengawasan (Supervision) Pekerjaan Pembangunan dan/atau Perbaikan Prasarana, Sarana dan Utilitas (PSU) di lingkungan Kawasan Permukiman Kumuh di Kecamatan Tanjung Priok",SELESAI,313663800,313663800
PROVINSI DKI JAKARTA,DINAS PERUMAHAN RAKYAT DAN KAWASAN PERMUKIMAN - 1.04.0.00.0.00.01.0000,59247127,45941527,2024,Tender,APBD,PT. ALOCITA MANDIRI,Seleksi,Jasa Konsultansi Badan Usaha Konstruksi,Jasa Konsultansi Perencanaan Pemeliharaan Berkala Rumah Susun 7 (Muara Angke),SELESAI,358113750,358113750
PROVINSI DKI JAKARTA,DINAS SUMBER DAYA AIR - 1.03.0.00.0.00.02.0000,59601127,50430780,2024,Tender,APBD,PT. Sarana Bagja Bumi,Seleksi,Jasa Konsultansi Badan Usaha Konstruksi,Kajian dan Perancangan Pembangunan Sarana & Prasarana Kali/ Sungai,SELESAI,1379863200,1379863200
PROVINSI DKI JAKARTA,SUKU DINAS SUMBER DAYA AIR KABUPATEN ADMINISTRASI KEPULAUAN SERIBU - 1.03.0.00.0.00.02.0006,59672127,47143975,2024,Tender,APBD,PT.PITACO MITRA PERKASA,Tender,Pekerjaan Konstruksi,Pembangunan Tanggul dan Breakwater di Kepulauan Seribu,SELESAI,56120003354,56120003354
PROVINSI DKI JAKARTA,"DINAS CIPTA KARYA, TATA RUANG DAN PERTANAHAN - 1.03.0.00.0.00.03.0000",59569127,45723232,2024,Tender,APBD,AGRINAS PANGAN NUSANTARA (PERSERO),Seleksi,Jasa Konsultansi Badan Usaha Konstruksi,Perencanaan Pembangunan Gedung Kantor Dinas PPKUKM dan Laboratorium Pengujian,SELESAI,3318622500,3318622500
PROVINSI DKI JAKARTA,SUKU DINAS KESEHATAN KOTA ADMINISTRASI JAKARTA SELATAN - 1.02.0.00.0.00.01.0004,59787127,48598279,2024,Tender,APBD,PT. RAMADIKA MANDIRI,Tender,Pekerjaan Konstruksi,Belanja Modal Bangunan Kesehatan - Rehab Total Puskesmas di Kecamatan Pancoran TA 2024,SELESAI,23475102040,23475102040
PROVINSI DKI JAKARTA,BADAN PENDAPATAN DAERAH - 5.02.0.00.0.00.03.0000,60128127,48013396,2024,Tender,APBD,PULINTA KARYA UTAMA,Tender,Pekerjaan Konstruksi,Perbaikan Gedung Samsat,SELESAI,11040588506,11040588506
PROVINSI DKI JAKARTA,DINAS BINA MARGA - 1.03.0.00.0.00.01.0000,59016127,46298497,2024,Tender,APBD,PT. WAHANA PRAKARSA UTAMA,Seleksi,Jasa Konsultansi Badan Usaha Konstruksi,Pengawasan Pembangunan JPO di Provinsi DKI Jakarta (Paket 1),SELESAI,848928000,848928000
PROVINSI DKI JAKARTA,DINAS PERUMAHAN RAKYAT DAN KAWASAN PERMUKIMAN - 1.04.0.00.0.00.01.0000,59670127,47598519,2024,Tender,APBD,PT. ALFRIZ AULIATAMA,Seleksi,Jasa Konsultansi Badan Usaha Konstruksi,Jasa Konsultansi Pengawasan Pembangunan Sarana Prasarana Rumah Susun Daan Mogot,SELESAI,792873000,792873000
PROVINSI DKI JAKARTA,"DINAS CIPTA KARYA, TATA RUANG DAN PERTANAHAN - 1.03.0.00.0.00.03.0000",57764127,45275117,2024,Tender,APBD,PT. Ciriajasa Cipta Mandiri,Seleksi,Jasa Konsultansi Badan Usaha Konstruksi,Jasa Konsultansi Pengawas Pembangunan Gedung PMI DKI Jakarta,SELESAI,2514261000,2514261000
PROVINSI DKI JAKARTA,UNIT PENGELOLA ANGKUTAN PERAIRAN - 2.15.0.00.0.00.01.0018,60018127,49609421,2024,Tender,APBD,PT.SHIDDIQ SARANA MULYA,Seleksi,Jasa Konsultansi Badan Usaha Non Konstruksi,Penyusunan Kajian Kelembagaan dan Pengelolaan Keuangan,SELESAI,723498000,723498000
PROVINSI DKI JAKARTA,DINAS PERUMAHAN RAKYAT DAN KAWASAN PERMUKIMAN - 1.04.0.00.0.00.01.0000,59563127,49823132,2024,Tender,APBD,Danureksa Sarana Cipta,Seleksi,Jasa Konsultansi Badan Usaha Konstruksi,Pengawasan Pemeliharaan Kawasan Rumah Susun 2 (Pasar Rebo),SELESAI,235730700,235730700
PROVINSI DKI JAKARTA,UNIT PENGELOLA PRASARANA DAN SARANA PENDIDIKAN - 1.01.0.00.0.00.01.0039,59337127,48223189;49374168,2024,Tender,APBD,"PT. Jaya Konstruksi Manggala Pratama, Tbk",Tender,Pekerjaan Konstruksi,Jasa Konstruksi Rehab Total Gedung Sekolah Tahun 2024 Paket 3,SELESAI,263423249861,263423249861
PROVINSI DKI JAKARTA,SUKU DINAS PENANGGULANGAN KEBAKARAN DAN PENYELAMATAN KOTA ADMINISTRASI JAKARTA SELATAN - 1.05.0.00.0.00.02.0005,60218127,48649998,2024,Tender,APBD,PT.RANGGA PRATAMA MANDIRI,Tender,Pekerjaan Konstruksi,Pembangunan Pos Pejaten,SELESAI,4152832674,4152832674
PROVINSI DKI JAKARTA,DINAS PEMUDA DAN OLAHRAGA - 2.19.0.00.0.00.01.0000,59942127,47335044,2024,Tender,APBD,ARIHTA TEKNIK PERSADA JAKARTA,Seleksi,Jasa Konsultansi Badan Usaha Konstruksi,Perencanaan Revitaliasi Lapangan Banteng,SELESAI,1403506200,1403506200
PROVINSI DKI JAKARTA,DINAS PERUMAHAN RAKYAT DAN KAWASAN PERMUKIMAN - 1.04.0.00.0.00.01.0000,59697127,47582318;51389761,2024,Tender,APBD,PT. BINA MITRA WAHANA,Seleksi,Jasa Konsultansi Badan Usaha Konstruksi,",Pengawasan Pemeliharaan Berkala Rumah Susun 2 (Semper Barat)",SELESAI,289998600,289998600
PROVINSI DKI JAKARTA,SUKU DINAS PENDIDIKAN KABUPATEN - KEP. SERIBU - 1.01.0.00.0.00.01.0011,59675127,50706292,2024,Tender,APBD,pt.pundiartha prima bahari,Tender,Jasa Lainnya,Penyediaan Sewa Mobilitas Air Kegiatan Sudin Pendidikan Kepulauan Seribu,SELESAI,5768115000,5768115000
PROVINSI DKI JAKARTA,DINAS SUMBER DAYA AIR - 1.03.0.00.0.00.02.0000,59936127,51673226,2024,Tender,APBD,PT. Rekakota Manajemen Konsultan,Seleksi,Jasa Konsultansi Badan Usaha Konstruksi,Pengawasan Pembangunan SPALD-Terpusat Sistem Penyaluran Tercampur (Interceptor) di Waduk Sunter Selatan Sisi Barat Bagian Timur dan Bagian Selatan,SELESAI,1085580000,1085580000
PROVINSI DKI JAKARTA,"DINAS TENAGA KERJA, TRANSMIGRASI, DAN ENERGI - 2.07.3.32.3.29.01.0000",61304127,52243989,2024,Tender,APBD,PT. ANDALAN MUTU ENERGI,Tender,Jasa Lainnya,Pemeriksaan Kelaikan Operasi Pembangkit dan Instalasi Kelistrikan Pada Genset Gedung Milik Pemprov DKI Jakarta,SELESAI,510705450,510705450
PROVINSI DKI JAKARTA,SUKU DINAS PERUMAHAN RAKYAT DAN KAWASAN PERMUKIMAN KOTA ADMINISTRASI JAKARTA TIMUR - 1.04.0.00.0.00.01.0005,59560127,49952318,2024,Tender,APBD,PT. SEWUN INDO KONSULTAN,Seleksi,Jasa Konsultansi Badan Usaha Konstruksi,"Pekerjaan Jasa Konsultansi Pengawasan Lanjutan Peningkatan Prasarana, Sarana dan Utilitas (PSU) di Kelurahan Klender",SELESAI,288133800,288133800
PROVINSI DKI JAKARTA,UNIT PENGELOLA JAMINAN KESEHATAN JAKARTA - 1.02.0.00.0.00.01.0011,59334127,46522398,2024,Tender,APBD,YULIA PRATIWI,Seleksi,Jasa Konsultansi Perorangan Non Konstruksi,Belanja Jasa Tenaga Ahli Analis Data dan Informasi,SELESAI,126000000,126000000
PROVINSI DKI JAKARTA,"DINAS KETAHANAN PANGAN, KELAUTAN DAN PERTANIAN - 2.09.3.25.3.27.01.0000",59957127,48327146,2024,Tender,APBD,PT.SAMUDRA ANUGRAH INDAH PERMAI,Tender,Pekerjaan Konstruksi,Pelaksanaan transplantasi karang,SELESAI,2094815804,2094815804
PROVINSI DKI JAKARTA,DINAS PERUMAHAN RAKYAT DAN KAWASAN PERMUKIMAN - 1.04.0.00.0.00.01.0000,60012127,48597876,2024,Tender,APBD,PT. ARMUDI PRADANA KONSULTAN CAB. BANDUNG,Seleksi,Jasa Konsultansi Badan Usaha Non Konstruksi,Kajian Manajemen Risiko Penanganan Permukiman,SELESAI,344710500,344710500
PROVINSI DKI JAKARTA,"DINAS CIPTA KARYA, TATA RUANG DAN PERTANAHAN - 1.03.0.00.0.00.03.0000",59295127,44761019;47834684,2024,Tender,APBD,PT. PP (Persero) Tbk,Tender,Pekerjaan Konstruksi,Jasa Konstruksi Pembangunan Gedung Parkir Jatibaru,SELESAI,239851999000,239851999000
PROVINSI DKI JAKARTA,SUKU DINAS PERUMAHAN RAKYAT DAN KAWASAN PERMUKIMAN KOTA ADMINISTRASI JAKARTA UTARA - 1.04.0.00.0.00.01.0002,59636127,47304618,2024,Tender,APBD,PT. WAHANA PRAKARSA UTAMA,Seleksi,Jasa Konsultansi Badan Usaha Konstruksi,Pengawasan (Supervision) Pekerjaan Peningkatan Sarana Prasarana dan Utilitas di Kelurahan Pademangan Timur,SELESAI,216339000,216339000
PROVINSI DKI JAKARTA,DINAS SOSIAL - 1.06.0.00.0.00.01.0000,59401127,48717455,2024,Tender,APBD,PT. SEWUN INDO KONSULTAN,Seleksi,Jasa Konsultansi Badan Usaha Konstruksi,Pengawasan Rehab Total Gedung Panti Sosial Bina Insan (PSBI) Bangun Daya 1 Cengkareng,SELESAI,215878350,215878350
PROVINSI DKI JAKARTA,PUSKESMAS PULO GADUNG - 1.02.0.00.0.00.01.0130,61261127,52220457,2024,Tender,BLUD,PT. ALOCITA MANDIRI,Seleksi,Jasa Konsultansi Badan Usaha Konstruksi,Belanja Pengadaan Perencanaan X-1 Pembangunan Sistem Proteksi Kebakaran Gedung Puskesmas Pulogadung,SELESAI,256881750,256881750
PROVINSI DKI JAKARTA,DINAS SUMBER DAYA AIR - 1.03.0.00.0.00.02.0000,60160127,51756663;52124317,2024,Tender,APBD,PT. VANESA CITRA NUSANTARA,Tender,Pekerjaan Konstruksi,",Peningkatan Sambungan Rumah (SR) SPALD-T Skala Permukiman Sistem Penyaluran Terpisah (Sewerage) Eksisting di Kota Administrasi Jakarta Pusat",SELESAI,4423221733,4423221733
PROVINSI DKI JAKARTA,BADAN PENDAPATAN DAERAH - 5.02.0.00.0.00.03.0000,59429127,47699652,2024,Tender,APBD,PT. ALOCITA MANDIRI,Seleksi,Jasa Konsultansi Badan Usaha Konstruksi,Pengawasan Pembangunan Gedung UPPPD Kembangan,SELESAI,692196000,692196000
PROVINSI DKI JAKARTA,SUKU DINAS PERUMAHAN RAKYAT DAN KAWASAN PERMUKIMAN KOTA ADMINISTRASI JAKARTA SELATAN - 1.04.0.00.0.00.01.0004,59627127,49371455,2024,Tender,APBD,PT. WAHANA PRAKARSA UTAMA,Seleksi,Jasa Konsultansi Badan Usaha Konstruksi,"Jasa Konsultansi Pengawasan Peningkatan Prasarana, Sarana dan Utilitas (PSU) di Kelurahan Grogol Selatan",SELESAI,250693500,250693500
PROVINSI DKI JAKARTA,SUKU DINAS PERUMAHAN RAKYAT DAN KAWASAN PERMUKIMAN KOTA ADMINISTRASI JAKARTA TIMUR - 1.04.0.00.0.00.01.0005,59559127,49952588,2024,Tender,APBD,PT. MATRASARAKAN SINERGITA,Seleksi,Jasa Konsultansi Badan Usaha Konstruksi,"Perencanaan Penyediaan Prasarana, Sarana dan Utilitas (PSU) di Permukiman Kelurahan Cipinang",SELESAI,444921300,444921300
PROVINSI DKI JAKARTA,BADAN PENGELOLAAN ASET DAERAH - 5.02.0.00.0.00.02.0000,59657127,45812227,2024,Tender,APBD,PT. Asuransi Sinar Mas,Tender,Jasa Lainnya,Pengasuransian Aset Bergerak (KDO) Pemerintah Provinsi DKI Jakarta,SELESAI,3116559463,3116559463
PROVINSI DKI JAKARTA,SUKU DINAS PERUMAHAN RAKYAT DAN KAWASAN PERMUKIMAN KABUPATEN ADMINISTRASI KEPULAUAN SERIBU - 1.04.0.00.0.00.01.0006,59608127,47834191,2024,Tender,APBD,PT. ALFRIZ AULIATAMA,Seleksi,Jasa Konsultansi Badan Usaha Konstruksi,Jasa Konsultansi Pengawasan Pembangunan Fasilitas Umum RW 01 Kelurahan Pulau Pari,SELESAI,131590500,131590500
PROVINSI DKI JAKARTA,UNIT PENGELOLA JAMINAN KESEHATAN JAKARTA - 1.02.0.00.0.00.01.0011,59358127,46521736,2024,Tender,APBD,Lukman Hakim,Seleksi,Jasa Konsultansi Perorangan Non Konstruksi,Belanja Jasa Tenaga Ahli Pengelola Database,SELESAI,120000000,120000000
PROVINSI DKI JAKARTA,DINAS PERHUBUNGAN - 2.15.0.00.0.00.01.0000,59907127,51616034;51825683,2024,Tender,APBD,Danureksa Sarana Cipta,Seleksi,Jasa Konsultansi Badan Usaha Konstruksi,Pengadaan Jasa Konsultansi Pengawasan Pembangunan Pos Jaga dan Palang Pintu Perlintasan Sebidang Kereta Api,SELESAI,301598100,301598100
PROVINSI DKI JAKARTA,"DINAS CIPTA KARYA, TATA RUANG DAN PERTANAHAN - 1.03.0.00.0.00.03.0000",59932127,50881715,2024,Tender,APBD,PT. VERONA KARYA ABADI,Tender,Pekerjaan Konstruksi,Pembangunan Gedung Kantor UP4 dan Laboratorium Dinas Sumber Daya Air Provinsi DKI Jakarta,SELESAI,10534392956,10534392956
PROVINSI DKI JAKARTA,DINAS PEMUDA DAN OLAHRAGA - 2.19.0.00.0.00.01.0000,59880127,49711620,2024,Tender,APBD,PT. MAM ENERGINDO,Tender,Pekerjaan Konstruksi,Pembangunan Gedung Kantor Dinas Pemuda dan Olahraga Provinsi DKI Jakarta (Pelaksanaan Konstruksi),SELESAI,104311083104,104311083104
PROVINSI DKI JAKARTA,PUSAT DATA DAN TEKNOLOGI INFORMASI KESEHATAN DAERAH - 1.02.0.00.0.00.01.0089,59341127,47482935,2024,Tender,APBD,ichsan fadillah,Seleksi,Jasa Konsultansi Perorangan Non Konstruksi,Tenaga Ahli Design Grafis,SELESAI,111925000,111925000
PROVINSI DKI JAKARTA,DINAS SOSIAL - 1.06.0.00.0.00.01.0000,60212127,48416434,2024,Tender,APBD,PT. ELEMEN TIGA TIGA,Seleksi,Jasa Konsultansi Badan Usaha Konstruksi,Pembuatan Detail Engineering Design (DED) Gedung Pusat Data dan Informasi Kesejahteraan Sosial,SELESAI,528915000,528915000
PROVINSI DKI JAKARTA,DINAS PERUMAHAN RAKYAT DAN KAWASAN PERMUKIMAN - 1.04.0.00.0.00.01.0000,59562127,49823012,2024,Tender,APBD,PT. DAYACIPTA KREASI BERSAMA,Seleksi,Jasa Konsultansi Badan Usaha Konstruksi,Pengawasan Pemeliharaan Kawasan Rumah Susun 1 (Pulo Gebang),SELESAI,229825500,229825500
PROVINSI DKI JAKARTA,RUMAH SAKIT UMUM DAERAH PASAR MINGGU - 1.02.0.00.0.00.01.0063,59614127,50559883,2024,Tender,BLUD,PT. INTIMULYA MULTIKENCANA,Seleksi,Jasa Konsultansi Badan Usaha Konstruksi,BELANJA JASA MK PENINGKATAN INSTALASI RADIOTERAPI RSUD PASAR MINGGU,SELESAI,1712706246,1712706246
PROVINSI DKI JAKARTA,UNIT PENGELOLA SAMPAH TERPADU - 2.11.0.00.0.00.01.0008,59686127,50609542,2024,Tender,APBD,Danureksa Sarana Cipta,Seleksi,Jasa Konsultansi Badan Usaha Konstruksi,Pembangunan Dinding Penahan Zona (Konsultan Pengawas),SELESAI,240870000,240870000
PROVINSI DKI JAKARTA,DINAS BINA MARGA - 1.03.0.00.0.00.01.0000,59976127,51731945,2024,Tender,APBD,Danureksa Sarana Cipta,Seleksi,Jasa Konsultansi Badan Usaha Konstruksi,Jasa Konsultansi Perencanaan Pembangunan/Peningkatan Kualitas Pencahayaan Kota mendukung Penerangan Sarana Umum,SELESAI,286246800,286246800
PROVINSI DKI JAKARTA,SUKU DINAS PERUMAHAN RAKYAT DAN KAWASAN PERMUKIMAN KOTA ADMINISTRASI JAKARTA BARAT - 1.04.0.00.0.00.01.0003,59760127,50899355,2024,Tender,APBD,PT. Pillar Pusaka Inti,Seleksi,Jasa Konsultansi Badan Usaha Konstruksi,"Perencanaan Penyediaan Prasarana, Sarana dan Utilitas (PSU) di Permukiman Kota Administrasi Jakarta Barat Wilayah 2 ( Jasa Konsultan Perencanaan)",SELESAI,1491285000,1491285000
PROVINSI DKI JAKARTA,DINAS PERUMAHAN RAKYAT DAN KAWASAN PERMUKIMAN - 1.04.0.00.0.00.01.0000,59709127,47583015;51390075,2024,Tender,APBD,PT.BALQIS MANDIRI KONSULTAN,Seleksi,Jasa Konsultansi Badan Usaha Konstruksi,",Pengawasan Pemeliharaan Berkala Rumah Susun 12 (Sukapura)",SELESAI,227494500,227494500
PROVINSI DKI JAKARTA,DINAS SOSIAL - 1.06.0.00.0.00.01.0000,59402127,48701084,2024,Tender,APBD,PT.HERPIS PERTOMA MULIA,Seleksi,Jasa Konsultansi Badan Usaha Konstruksi,Pengawasan Rehab Berat Gedung Panti Sosial Bina Daksa (PSBD) Budi Bhakti 1 Cengkareng,SELESAI,532023000,532023000
PROVINSI DKI JAKARTA,"DINAS CIPTA KARYA, TATA RUANG DAN PERTANAHAN - 1.03.0.00.0.00.03.0000",59762127,49735382,2024,Tender,APBD,PT.ANGGADITA TEGUH PUTRA,Tender,Pekerjaan Konstruksi,Jasa Konstruksi Pembangunan Sekretariat Resimen Mahasiswa Jayakarta,SELESAI,17178508160,17178508160
PROVINSI DKI JAKARTA,DINAS KESEHATAN - 1.02.0.00.0.00.01.0000,60173127,49773641,2024,Tender,APBD,PT. MILYATI PUTRI GEMILANG,Tender,Pekerjaan Konstruksi,Pembangunan Instalasi Pengolahan Air Kotor/Limbah (IPAL) Gedung Kantor Dinas Kesehatan Provinsi DKI Jakarta,SELESAI,845121259,845121259
PROVINSI DKI JAKARTA,DINAS BINA MARGA - 1.03.0.00.0.00.01.0000,59373127,48348924,2024,Tender,APBD,PT. Rudian Hanskoji Konsultan,Seleksi,Jasa Konsultansi Badan Usaha Konstruksi,Jasa Konsultansi Pengawasan Pembangunan/Peningkatan Kualitas Pencahayaan Kota mendukung Penerangan Jalan Umum,SELESAI,545898000,545898000
PROVINSI DKI JAKARTA,KOTA ADMINISTRASI JAKARTA UTARA - 7.01.0.00.0.00.02.0000,59444127,48442973,2024,Tender,APBD,PT. MARGA SARANA BHUMI,Seleksi,Jasa Konsultansi Badan Usaha Konstruksi,Perencanaan Rehab Total Kantor Lurah Semper Barat,SELESAI,391386000,391386000
PROVINSI DKI JAKARTA,SUKU DINAS PARIWISATA DAN EKONOMI KREATIF KABUPATEN - KEP. SERIBU - 3.26.0.00.0.00.01.0006,61277127,48416097,2024,Tender,APBD,PT.Artha inti Komunika,Tender,Jasa Lainnya,Penyelenggaraan Festival Kepulauan Seribu (REGGAE),SELESAI,1066543500,1066543500
PROVINSI DKI JAKARTA,DINAS PERHUBUNGAN - 2.15.0.00.0.00.01.0000,59540127,49695937,2024,Tender,APBD,SUWONDO SANDIKA,Seleksi,Jasa Konsultansi Badan Usaha Non Konstruksi,Pengadaan Jasa Konsultansi Verifikasi Laporan Penyelenggaraan Subsidi Prasarana dan Sarana LRT Jakarta Tahun 2024,SELESAI,659367750,659367750
PROVINSI DKI JAKARTA,"DINAS CIPTA KARYA, TATA RUANG DAN PERTANAHAN - 1.03.0.00.0.00.03.0000",59799127,49734560,2024,Tender,APBD,PT. AMSECON BERLIAN SEJAHTERA,Seleksi,Jasa Konsultansi Badan Usaha Konstruksi,Jasa Konsultansi Pengawasan Pembangunan Sekretariat Resimen Mahasiswa Jayakarta,SELESAI,1200576000,1200576000
PROVINSI DKI JAKARTA,DINAS PENANGGULANGAN KEBAKARAN DAN PENYELAMATAN - 1.05.0.00.0.00.02.0000,60117127,51901984,2024,Tender,APBD,CV. APIK KARYA,Seleksi,Jasa Konsultansi Badan Usaha Konstruksi,Pengawasan Pemeliharaan dan Perbaikan Gedung Kantor Ex. Bengkel Induk,SELESAI,180874500,180874500
PROVINSI DKI JAKARTA,SUKU DINAS PERUMAHAN RAKYAT DAN KAWASAN PERMUKIMAN KOTA ADMINISTRASI JAKARTA PUSAT - 1.04.0.00.0.00.01.0001,59891127,47466424,2024,Tender,APBD,Danureksa Sarana Cipta,Seleksi,Jasa Konsultansi Badan Usaha Konstruksi,"Konsultansi Pengawasan Pembangunan dan/atau Perbaikan Prasarana, Sarana dan Utilitas (PSU) di Lingkungan Kawasan Permukiman Kumuh Kota Administrasi Jakarta Pusat",SELESAI,406065750,406065750
PROVINSI DKI JAKARTA,KABUPATEN ADMINISTRASI KEPULAUAN SERIBU - KEP. SERIBU - 7.01.0.00.0.00.06.0000,59552127,47626910,2024,Tender,APBD,PT.  CIRIA ADIJAYA MANDIRI,Seleksi,Jasa Konsultansi Badan Usaha Konstruksi,Pengawas Pembangunan Kantor TPU Untung Jawa,SELESAI,330946500,330946500
PROVINSI DKI JAKARTA,BADAN PENGELOLAAN ASET DAERAH - 5.02.0.00.0.00.02.0000,59863127,45812296,2024,Tender,APBD,PT. Asuransi Sinar Mas,Tender,Jasa Lainnya,Pengasuransian Gedung/Bangunan Pemerintah Provinsi DKI Jakarta,SELESAI,6893027439,6893027439
PROVINSI DKI JAKARTA,SUKU DINAS SUMBER DAYA AIR KABUPATEN ADMINISTRASI KEPULAUAN SERIBU - 1.03.0.00.0.00.02.0006,59418127,47137798,2024,Tender,APBD,PT. Bina Lingkungan Lestari,Seleksi,Jasa Konsultansi Badan Usaha Konstruksi,Penyusunan Laporan Implementasi RKL-RPL Tanggul dan Tanggul Pemecah Gelombang,SELESAI,543289500,543289500
PROVINSI DKI JAKARTA,DINAS SUMBER DAYA AIR - 1.03.0.00.0.00.02.0000,59490127,45160388,2024,Tender,APBD,PT. BUDHI CAKRA KONSULTAN,Seleksi,Jasa Konsultansi Badan Usaha Konstruksi,Pengawasan Pembangunan Waduk Marunda Tahap III,SELESAI,1077255000,1077255000
PROVINSI DKI JAKARTA,SUKU DINAS PERUMAHAN RAKYAT DAN KAWASAN PERMUKIMAN KOTA ADMINISTRASI JAKARTA UTARA - 1.04.0.00.0.00.01.0002,59644127,47394904,2024,Tender,APBD,PT. Bina Jasindo Sainstek,Seleksi,Jasa Konsultansi Badan Usaha Konstruksi,"Pengawasan (Supervision) Pekerjaan Pembangunan dan/atau Perbaikan Prasarana, Sarana dan Utilitas (PSU) di lingkungan Kawasan Permukiman Kumuh di Kecamatan Cilincing",SELESAI,254389800,254389800
PROVINSI DKI JAKARTA,BADAN PENDAPATAN DAERAH - 5.02.0.00.0.00.03.0000,59654127,47698675,2024,Tender,APBD,PT. SUMBER BAYAK KREASI,Tender,Pekerjaan Konstruksi,Pembangunan Gedung UPPPD Kembangan,SELESAI,25420690000,25420690000
PROVINSI DKI JAKARTA,SUKU DINAS SUMBER DAYA AIR KABUPATEN ADMINISTRASI KEPULAUAN SERIBU - 1.03.0.00.0.00.02.0006,59415127,45953565,2024,Tender,APBD,PT.BALQIS MANDIRI KONSULTAN,Seleksi,Jasa Konsultansi Badan Usaha Konstruksi,Konsultan Pengawasan Pembangunan Tanggul Pulau Tidung,SELESAI,500343600,500343600
PROVINSI DKI JAKARTA,DINAS SOSIAL - 1.06.0.00.0.00.01.0000,59400127,48723774,2024,Tender,APBD,CIKAL TRANSPARANSI KONSULTAN,Seleksi,Jasa Konsultansi Badan Usaha Konstruksi,Pengawasan Rehab Berat Gedung Panti Sosial Tresna Werdha (PSTW) Budi Mulia 4 Ciracas,SELESAI,148584600,148584600
PROVINSI DKI JAKARTA,UNIT PENGELOLA SAMPAH TERPADU - 2.11.0.00.0.00.01.0008,59095127,45785942,2024,Tender,APBD,PT ARDIA MANDIRI,Seleksi,Jasa Konsultansi Badan Usaha Konstruksi,Penurapan Kali di TPST Bantargebang (Konsultan Perencana),SELESAI,148962000,148962000
PROVINSI DKI JAKARTA,UNIT PENGELOLA PRASARANA DAN SARANA PENDIDIKAN - 1.01.0.00.0.00.01.0039,59394127,48487582,2024,Tender,APBD,PT. Cargonesia Utama Trans,Tender,Jasa Lainnya,Sewa Angkut Rehab Total Gedung Sekolah Tahun 2024,SELESAI,511710000,511710000
PROVINSI DKI JAKARTA,DINAS SUMBER DAYA AIR - 1.03.0.00.0.00.02.0000,59854127,51504158,2024,Tender,APBD,PT. ASURANSI UMUM BUMIPUTERA MUDA 1967,Tender,Jasa Lainnya,"Pengasuransian Aset Alat Berat, Dump Truk dan Alat Operasional Lainnya Unit Peralatan dan Perbekalan Dinas Sumber Daya Air Provinsi DKI Jakarta",SELESAI,10679581710,10679581710
PROVINSI DKI JAKARTA,"DINAS CIPTA KARYA, TATA RUANG DAN PERTANAHAN - 1.03.0.00.0.00.03.0000",58721127,46247746,2024,Tender,APBD,PT. BIRO ARSITEK DAN INSINJUR SANGKURIANG,Seleksi,Jasa Konsultansi Badan Usaha Konstruksi,Jasa Konsultansi Manajemen Konstruksi Pembangunan Gedung Kantor Suku Dinas Perhubungan Kota Administrasi Jakarta Utara,SELESAI,2302473000,2302473000
PROVINSI DKI JAKARTA,BADAN PENDAPATAN DAERAH - 5.02.0.00.0.00.03.0000,59842127,47999747,2024,Tender,APBD,PT. ALFRIZ AULIATAMA,Seleksi,Jasa Konsultansi Badan Usaha Konstruksi,Pengawasan Perbaikan Gedung Dinas Teknis Abdul Muis,SELESAI,226412000,226412000
PROVINSI DKI JAKARTA,SUKU DINAS SUMBER DAYA AIR KABUPATEN ADMINISTRASI KEPULAUAN SERIBU - 1.03.0.00.0.00.02.0006,59566127,49213536,2024,Tender,APBD,PT. GANESHA PRATAMA CONSULTANT,Seleksi,Jasa Konsultansi Badan Usaha Konstruksi,Penyusunan Kajian dan DED Bangunan Pengaman Pantai,SELESAI,493623660,493623660
PROVINSI DKI JAKARTA,BIRO PENDIDIKAN DAN MENTAL SPIRITUAL - 4.01.0.00.0.00.01.0005,59910127,48598841,2024,Tender,APBD,PT. AULI WISATA UTAMA,Tender,Jasa Lainnya,Penyediaan Jasa Fasilitasi Petugas Haji Daerah di Arab Saudi Tahun 2024,SELESAI,1289534175,1289534175
PROVINSI DKI JAKARTA,LABORATORIUM KEBAKARAN DAN PENYELAMATAN - 1.05.0.00.0.00.02.0006,60125127,46171716,2024,Tender,APBD,PT. KOMSHA AKUR CONSULT,Seleksi,Jasa Konsultansi Badan Usaha Konstruksi,Jasa Konsultansi Pengawasan Rehab Gedung Laboratorium Kebakaran dan Penyelamatan,SELESAI,106826400,106826400
PROVINSI DKI JAKARTA,DINAS BINA MARGA - 1.03.0.00.0.00.01.0000,59871127,48629096;51536337;51712363,2024,Tender,APBDP,PT. PRIMAREKA CIPTA MANDIRI,Seleksi,Jasa Konsultansi Badan Usaha Konstruksi,Perencanaan JPO di Provinsi DKI Jakarta 1,SELESAI,405816000,405816000
PROVINSI DKI JAKARTA,UNIT PENGELOLA SAMPAH TERPADU - 2.11.0.00.0.00.01.0008,59093127,45785877,2024,Tender,APBD,PT. MARINA CIPTA PRATAMA,Seleksi,Jasa Konsultansi Badan Usaha Konstruksi,Pembangunan Dinding Penahan Zona (Konsultan Perencana),SELESAI,208957500,208957500
PROVINSI DKI JAKARTA,SUKU DINAS SUMBER DAYA AIR KOTA ADMINISTRASI JAKARTA BARAT - 1.03.0.00.0.00.02.0003,59570127,47490966,2024,Tender,APBD,PT. Bina Jasindo Sainstek,Seleksi,Jasa Konsultansi Badan Usaha Konstruksi,Konsultan Pengawas Revitalisasi Pompa di Rumah Pompa Tanjung Duren,SELESAI,343489500,343489500
PROVINSI DKI JAKARTA,RUMAH SAKIT KHUSUS DAERAH DUREN SAWIT - 1.02.0.00.0.00.01.0062,57795127,45589438,2024,Tender,BLUD,PT. KOMSHA AKUR CONSULT,Seleksi,Jasa Konsultansi Badan Usaha Konstruksi,Belanja Jasa Pengawasan Pengembangan Gedung,SELESAI,845487000,845487000
PROVINSI DKI JAKARTA,"DINAS CIPTA KARYA, TATA RUANG DAN PERTANAHAN - 1.03.0.00.0.00.03.0000",59647127,50103369,2024,Tender,APBD,PT. KOMSHA AKUR CONSULT,Seleksi,Jasa Konsultansi Badan Usaha Konstruksi,Pengawasan Restorasi Rumah Dinas Gubernur DKI Jakarta,SELESAI,627782700,627782700
PROVINSI DKI JAKARTA,KOTA ADMINISTRASI JAKARTA BARAT - 7.01.0.00.0.00.03.0000,59590127,48357292;49964598,2024,Tender,APBD,PT. BAYU BERLIAN MANDIRI,Seleksi,Jasa Konsultansi Badan Usaha Konstruksi,Penyediaan Jasa Konsultansi Pengawasan Konstruksi Rehab Berat Kantor Lurah Kelurahan Semanan,SELESAI,175213500,175213500
PROVINSI DKI JAKARTA,SUKU DINAS PERUMAHAN RAKYAT DAN KAWASAN PERMUKIMAN KOTA ADMINISTRASI JAKARTA PUSAT - 1.04.0.00.0.00.01.0001,59598127,47239323,2024,Tender,APBD,PT. BUMI MADANI,Seleksi,Jasa Konsultansi Badan Usaha Konstruksi,"Konsultansi Pengawasan Peningkatan Prasarana, Sarana dan Utilitas (PSU) di Kelurahan Mangga Dua Selatan",SELESAI,173504100,173504100
PROVINSI DKI JAKARTA,UNIT PENGELOLA PRASARANA DAN SARANA PENDIDIKAN - 1.01.0.00.0.00.01.0039,57653127,45113689;47098274,2024,Tender,APBD,PT. KANTA KARYA UTAMA,Seleksi,Jasa Konsultansi Badan Usaha Konstruksi,",Jasa Konsultansi Pengawasan Rehab Total Gedung Sekolah Tahun 2024 Paket 1",SELESAI,3239701500,3239701500
PROVINSI DKI JAKARTA,DINAS BINA MARGA - 1.03.0.00.0.00.01.0000,59501127,48345264,2024,Tender,APBD,PT. WAHANA PRAKARSA UTAMA,Seleksi,Jasa Konsultansi Badan Usaha Konstruksi,Pembangunan Trotoar Beserta Bangunan Pelengkap Jalan di Provinsi DKI Jakarta (Pengawasan Pembangunan Trotoar Bidang Kelengkapan Jalan Paket 2),SELESAI,822010500,822010500
PROVINSI DKI JAKARTA,BADAN PERENCANAAN PEMBANGUNAN DAERAH - 5.01.0.00.0.00.01.0000,60062127,51914960,2024,Tender,APBD,A.T. Kearney,Seleksi,Jasa Konsultansi Badan Usaha Non Konstruksi,Belanja Jasa Konsultansi Perencanaan Jakarta Menuju Kota Global,SELESAI,10553879977,10553879977
PROVINSI DKI JAKARTA,PUSAT PELATIHAN KERJA DAERAH - JAKSEL - 2.07.3.32.3.29.01.0010,60113127,52040765,2024,Tender,APBD,PT. ALFRIZ AULIATAMA,Seleksi,Jasa Konsultansi Badan Usaha Konstruksi,Pengawasan Pemeliharaan Gedung Kantor Samali,SELESAI,392385000,392385000
PROVINSI DKI JAKARTA,DINAS SUMBER DAYA AIR - 1.03.0.00.0.00.02.0000,59611127,50536226,2024,Tender,APBD,Mitra Ciasem Raya,Tender,Pekerjaan Konstruksi,Pembangunan Waduk Marunda Tahap III,SELESAI,32878227688,32878227688
PROVINSI DKI JAKARTA,PUSAT DATA DAN TEKNOLOGI INFORMASI KESEHATAN DAERAH - 1.02.0.00.0.00.01.0089,59339127,47482739,2024,Tender,APBD,A Rifkah Fauziah A,Seleksi,Jasa Konsultansi Perorangan Non Konstruksi,Tenaga Ahli Analis Data (1),SELESAI,111925000,111925000
PROVINSI DKI JAKARTA,DINAS PENANGGULANGAN KEBAKARAN DAN PENYELAMATAN - 1.05.0.00.0.00.02.0000,59772127,50715230,2024,Tender,APBD,PT. GALEN SAGARA PERKASA,Seleksi,Jasa Konsultansi Badan Usaha Konstruksi,Perencanaan Pembangunan Gedung Laboratorium,SELESAI,486313200,486313200
PROVINSI DKI JAKARTA,SUKU DINAS SUMBER DAYA AIR KABUPATEN ADMINISTRASI KEPULAUAN SERIBU - 1.03.0.00.0.00.02.0006,59414127,45953446,2024,Tender,APBD,PT ARDIA MANDIRI,Seleksi,Jasa Konsultansi Badan Usaha Konstruksi,Konsultan Pengawasan Pembangunan Tanggul dan Breakwater Pulau Lancang,SELESAI,497879400,497879400
PROVINSI DKI JAKARTA,DINAS PEMUDA DAN OLAHRAGA - 2.19.0.00.0.00.01.0000,59944127,47335984,2024,Tender,APBD,PT. GUBAHREKA CONSULTANT,Seleksi,Jasa Konsultansi Badan Usaha Konstruksi,Perencanaan Revitalisasi Stadion Sepakbola Taman Sari,SELESAI,1217781000,1217781000
PROVINSI DKI JAKARTA,UNIT PENGELOLA PRASARANA DAN SARANA PENDIDIKAN - 1.01.0.00.0.00.01.0039,57654127,45113727;47098887,2024,Tender,APBD,AGRINAS PANGAN NUSANTARA (PERSERO),Seleksi,Jasa Konsultansi Badan Usaha Konstruksi,",Jasa Konsultansi Pengawasan Rehab Total Gedung Sekolah Tahun 2024 Paket 2",SELESAI,3509320500,3509320500
PROVINSI DKI JAKARTA,BIRO UMUM DAN ADMINISTRASI SEKRETARIAT DAERAH - 4.01.0.00.0.00.01.0007,59925127,48927911,2024,Tender,APBD,PT. GIHON WAHANA CIPTA,Seleksi,Jasa Konsultansi Badan Usaha Konstruksi,Konsultan Pengawas Pekerjaan Penataan Ruang Serbaguna dan Drop Off Lobby Gedung Grha Ali Sadikin Lantai Dasar Kompleks Balaikota DKI Jakarta,SELESAI,156232500,156232500
PROVINSI DKI JAKARTA,UNIT PENANGANAN SAMPAH BADAN AIR - 2.11.0.00.0.00.01.0010,59950127,49305407,2024,Tender,APBD,PT. MAHAKARYA ABADI KONSULTAN,Seleksi,Jasa Konsultansi Badan Usaha Konstruksi,Pembangunan fasilitas pendukung Saringan Sampah TB.Simatupang (Pengawasan Pelaksanaan Pekerjaan),SELESAI,1281250800,1281250800
PROVINSI DKI JAKARTA,UNIT PENGELOLA PRASARANA DAN SARANA PENDIDIKAN - 1.01.0.00.0.00.01.0039,57655127,45113745;47099201,2024,Tender,APBD,AGRINAS PANGAN NUSANTARA (PERSERO),Seleksi,Jasa Konsultansi Badan Usaha Konstruksi,",Jasa Konsultansi Pengawasan Rehab Total Gedung Sekolah Tahun 2024 Paket 3",SELESAI,3509320500,3509320500
PROVINSI DKI JAKARTA,"DINAS CIPTA KARYA, TATA RUANG DAN PERTANAHAN - 1.03.0.00.0.00.03.0000",57683127,44843810,2024,Tender,APBD,PT. CIPTA MULTI KREASI,Seleksi,Jasa Konsultansi Badan Usaha Konstruksi,Pekerjaan Konsultansi Pengawasan Revitalisasi Sistem Hidran Balaikota DKI Jakarta,SELESAI,1008745800,1008745800
PROVINSI DKI JAKARTA,BADAN PENDAPATAN DAERAH - 5.02.0.00.0.00.03.0000,59915127,48007784,2024,Tender,APBD,CV. APIK KARYA,Seleksi,Jasa Konsultansi Badan Usaha Konstruksi,Pengawasan Perbaikan Gedung UPPPD Bapenda,SELESAI,283624536,283624536
PROVINSI DKI JAKARTA,DINAS PERUMAHAN RAKYAT DAN KAWASAN PERMUKIMAN - 1.04.0.00.0.00.01.0000,59626127,46851024,2024,Tender,APBD,Armudi Pradana Konsultan.PT,Seleksi,Jasa Konsultansi Badan Usaha Non Konstruksi,"Perencanaan Arsitektur Sistem Kebutuhan Prasarana, Sarana dan Utilitas Permukiman di DKI Jakarta",SELESAI,781151067,781151067
PROVINSI DKI JAKARTA,DINAS LINGKUNGAN HIDUP - 2.11.0.00.0.00.01.0000,60170127,51519724,2024,Tender,APBD,studio bumi anam,Seleksi,Jasa Konsultansi Badan Usaha Non Konstruksi,Kajian Pengelolaan RDF,SELESAI,2057540400,2057540400
PROVINSI DKI JAKARTA,PUSAT DATA DAN TEKNOLOGI INFORMASI KESEHATAN DAERAH - 1.02.0.00.0.00.01.0089,59331127,47483403,2024,Tender,APBD,Eka Julian Bryliandana,Seleksi,Jasa Konsultansi Perorangan Non Konstruksi,Tenaga Ahli Web Master,SELESAI,111925000,111925000
PROVINSI DKI JAKARTA,BADAN PENDAPATAN DAERAH - 5.02.0.00.0.00.03.0000,59449127,47702846,2024,Tender,APBD,PT. BAYU BERLIAN MANDIRI,Seleksi,Jasa Konsultansi Badan Usaha Konstruksi,Pengawasan Rehab Total Gedung UPPPD Taman Sari,SELESAI,655599300,655599300
PROVINSI DKI JAKARTA,SUKU DINAS KESEHATAN KOTA ADMINISTRASI JAKARTA BARAT - 1.02.0.00.0.00.01.0003,59893127,48089838,2024,Tender,APBD,CV.SATRIAJI DAYA GUNA,Tender,Pekerjaan Konstruksi,Pekerjaaan Konstruksi Rehabilitasi Total Puskesmas di Kelurahan Taman Sari,SELESAI,6550270400,6550270400
PROVINSI DKI JAKARTA,UNIT PENANGANAN SAMPAH BADAN AIR - 2.11.0.00.0.00.01.0010,59711127,48536773,2024,Tender,APBD,PT. ASURANSI UMUM BUMIPUTERA MUDA 1967,Tender,Jasa Lainnya,Penyediaan Jasa Asuransi KDO/KDO Khusus UPS Badan Air (Alat Berat UPS Badan Air),SELESAI,4104624755,4104624755
PROVINSI DKI JAKARTA,DINAS BINA MARGA - 1.03.0.00.0.00.01.0000,59674127,49026796,2024,Tender,APBD,PT. Rudian Hanskoji Konsultan,Seleksi,Jasa Konsultansi Badan Usaha Konstruksi,Pengawasan Pembangunan Prasarana Jaringan Utilitas,SELESAI,504162000,504162000
PROVINSI DKI JAKARTA,UNIT PENGELOLA SAMPAH TERPADU - 2.11.0.00.0.00.01.0008,59094127,45786735,2024,Tender,APBD,PT. FASADE KOBETAMA INTERNASIONAL,Seleksi,Jasa Konsultansi Badan Usaha Konstruksi,Pembangunan Hanggar Prasarana dan Sarana Alat Berat (Konsultan Perencana),SELESAI,1056165000,1056165000
PROVINSI DKI JAKARTA,DINAS BINA MARGA - 1.03.0.00.0.00.01.0000,59018127,46298503,2024,Tender,APBD,DAFFA BROTHERS CONS,Seleksi,Jasa Konsultansi Badan Usaha Konstruksi,Pengawasan Pembangunan JPO di Provinsi DKI Jakarta (Paket 2),SELESAI,752136000,752136000
PROVINSI DKI JAKARTA,PUSAT KRISIS DAN KEGAWATDARURATAN KESEHATAN DAERAH - 1.02.0.00.0.00.01.0088,60140127,48200351,2024,Tender,APBD,CV. MITRA ABADI,Tender,Pekerjaan Konstruksi,Pemeliharaan Gedung Kantor,SELESAI,1255740915,1255740915
PROVINSI DKI JAKARTA,BADAN PELAYANAN PENGADAAN BARANG/JASA - 5.02.0.00.0.00.04.0000,57889127,44881352;44881503;56964017,2024,Tender,APBD,Raden Ramadhani Ratunuari Satjadibrata,Seleksi,Jasa Konsultansi Perorangan Non Konstruksi,Penyediaan Tenaga Ahli Software Programmer 6,SELESAI,107800000,107800000
PROVINSI DKI JAKARTA,"DINAS TENAGA KERJA, TRANSMIGRASI, DAN ENERGI - 2.07.3.32.3.29.01.0000",59678127,48147081,2024,Tender,APBD,PT BERKAH DUA PILAR,Tender,Jasa Lainnya,Pemeriksaan Awal Pembangkit Sebelum SLO,SELESAI,189810000,189810000
PROVINSI DKI JAKARTA,SUKU DINAS KESEHATAN KOTA ADMINISTRASI JAKARTA TIMUR - 1.02.0.00.0.00.01.0005,59852127,48079686,2024,Tender,APBD,PT. TIRAMATSI UTAMA,Seleksi,Jasa Konsultansi Badan Usaha Konstruksi,Pengawasan Pekerjaan Konstruksi Rehabilitasi Total Gedung Puskesmas di Kelurahan Batu Ampar,SELESAI,801697500,801697500
PROVINSI DKI JAKARTA,UNIT PENGELOLA SISTEM PENGENDALIAN LALU LINTAS - 2.15.0.00.0.00.01.0008,61302127,49041347,2024,Tender,APBD,PT. Karya Rekaelektronika Sinergi Indonesia,Tender,Pekerjaan Konstruksi,Pemeliharaan Alat Pemberi Isyarat Lalu Lintas (APILL) Provinsi DKI Jakarta,SELESAI,1230310236,1230310236
PROVINSI DKI JAKARTA,PUSAT PELATIHAN KERJA KHUSUS PENGEMBANGAN LAS - 2.07.3.32.3.29.01.0012,60027127,47422826;51821868,2024,Tender,APBD,PRISMA KARYA NUSANTARA,Seleksi,Jasa Konsultansi Badan Usaha Konstruksi,Perencanaan Pembangunan Gedung Pelatihan Underwater Welding,SELESAI,438616500,438616500
PROVINSI DKI JAKARTA,BADAN PELAYANAN PENGADAAN BARANG/JASA - 5.02.0.00.0.00.04.0000,57884127,44877273;44878253;56963994,2024,Tender,APBD,Maulana Fahmi,Seleksi,Jasa Konsultansi Perorangan Non Konstruksi,Penyediaan Tenaga Ahli Software Programmer 1,SELESAI,111903000,111903000
PROVINSI DKI JAKARTA,UNIT PENGELOLA SAMPAH TERPADU - 2.11.0.00.0.00.01.0008,61245127,52243746,2024,Tender,APBD,PT. ASURANSI UMUM BUMIPUTERA MUDA 1967,Tender,Jasa Lainnya,Penyediaan Asuransi KDO/KDO Khusus,SELESAI,3398955713,3398955713
PROVINSI DKI JAKARTA,PUSAT DATA DAN TEKNOLOGI INFORMASI KESEHATAN DAERAH - 1.02.0.00.0.00.01.0089,59347127,47478311,2024,Tender,APBD,Achmad Reza Fauzi,Seleksi,Jasa Konsultansi Perorangan Non Konstruksi,Tenaga Ahli Senior Programmer (3),SELESAI,148225000,148225000
PROVINSI DKI JAKARTA,DINAS KESEHATAN - 1.02.0.00.0.00.01.0000,60135127,49921120,2024,Tender,APBD,PT. Zakafa Tunas Cipta,Seleksi,Jasa Konsultansi Badan Usaha Non Konstruksi,Penyusunan Andalalin Rehab Total Gedung Blok C dan D Dinas Kesehatan,SELESAI,232167600,232167600
PROVINSI DKI JAKARTA,BADAN PELAYANAN PENGADAAN BARANG/JASA - 5.02.0.00.0.00.04.0000,57885127,44877273;44878253;56963994;56963999,2024,Tender,APBD,Muhammad Hanifurrohman,Seleksi,Jasa Konsultansi Perorangan Non Konstruksi,Penyediaan Tenaga Ahli Software Programmer 2,SELESAI,111815000,111815000
PROVINSI DKI JAKARTA,DINAS LINGKUNGAN HIDUP - 2.11.0.00.0.00.01.0000,59825127,49063808;51614323,2024,Tender,APBD,PT ANAGATA DHIA KARYA MANDIRI,Seleksi,Jasa Konsultansi Badan Usaha Non Konstruksi,Penyusunan Kajian dan Kebijakan Teknis Penanganan Sampah,SELESAI,3511096500,3511096500
PROVINSI DKI JAKARTA,SUKU DINAS PERUMAHAN RAKYAT DAN KAWASAN PERMUKIMAN KOTA ADMINISTRASI JAKARTA TIMUR - 1.04.0.00.0.00.01.0005,59558127,49953266,2024,Tender,APBD,PT. ALOCITA MANDIRI,Seleksi,Jasa Konsultansi Badan Usaha Konstruksi,"Perencanaan Penyediaan Prasarana, Sarana dan Utilitas (PSU) di Permukiman Kelurahan Pekayon",SELESAI,692862000,692862000
PROVINSI DKI JAKARTA,UNIT PENGELOLA KAWASAN PERKAMPUNGAN BUDAYA BETAWI - 2.22.0.00.0.00.01.0012,60120127,51821130,2024,Tender,APBD,PT. DUTAGRAHA CIPTA ENJINERING,Seleksi,Jasa Konsultansi Badan Usaha Konstruksi,Perencanaan Pembangunan Prasarana Gedung dan Lansekap Zona B,SELESAI,189033000,189033000
PROVINSI DKI JAKARTA,UNIT PENGELOLA JAMINAN KESEHATAN JAKARTA - 1.02.0.00.0.00.01.0011,59361127,46516769,2024,Tender,APBD,Guesthi Lunes Mutiara Cintha,Seleksi,Jasa Konsultansi Perorangan Non Konstruksi,Belanja Jasa Tenaga Ahli Verifikator Klaim Kategori B.2,SELESAI,111000000,111000000
PROVINSI DKI JAKARTA,SUKU DINAS PERUMAHAN RAKYAT DAN KAWASAN PERMUKIMAN KOTA ADMINISTRASI JAKARTA UTARA - 1.04.0.00.0.00.01.0002,59641127,47388820,2024,Tender,APBD,PT. MUGI REKA PERDANA,Seleksi,Jasa Konsultansi Badan Usaha Konstruksi,Pengawasan (Supervision) Pekerjaan Peningkatan Sarana Prasarana dan Utilitas di Kelurahan Tugu Utara,SELESAI,190366665,190366665
PROVINSI DKI JAKARTA,DINAS PEMUDA DAN OLAHRAGA - 2.19.0.00.0.00.01.0000,58880127,45281529,2024,Tender,APBD,PT. AMSECON BERLIAN SEJAHTERA,Seleksi,Jasa Konsultansi Badan Usaha Konstruksi,Pembangunan Gelanggang Remaja Kecamatan Cipayung (Pelaksanaan Jasa Konsultan Pengawas),SELESAI,1086401400,1086401400
PROVINSI DKI JAKARTA,DINAS PERUMAHAN RAKYAT DAN KAWASAN PERMUKIMAN - 1.04.0.00.0.00.01.0000,59248127,45941611,2024,Tender,APBD,PT. ALOCITA MANDIRI,Seleksi,Jasa Konsultansi Badan Usaha Konstruksi,Jasa Konsultansi Perencanaan Pemeliharaan Berkala Rumah Susun 9 (Pulo Jahe),SELESAI,220046400,220046400
PROVINSI DKI JAKARTA,DINAS PERHUBUNGAN - 2.15.0.00.0.00.01.0000,57926127,45775397,2024,Tender,APBD,PT. DHARMA KREASI NUSANTARA,Seleksi,Jasa Konsultansi Badan Usaha Non Konstruksi,Pengadaan Jasa Konsultansi Survei Pengukuran Capaian SPM Penyelenggaraan MRT Jakarta Tahun 2024,SELESAI,1115827500,1115827500
PROVINSI DKI JAKARTA,"DINAS CIPTA KARYA, TATA RUANG DAN PERTANAHAN - 1.03.0.00.0.00.03.0000",59766127,45799753,2024,Tender,APBD,PT.HERPIS PERTOMA MULIA,Seleksi,Jasa Konsultansi Badan Usaha Konstruksi,Jasa Konsultansi Pengawasan Pembangunan Rumah Negara Golongan I Tipe A (Jalan Denpasar),SELESAI,675138075,675138075
PROVINSI DKI JAKARTA,SUKU DINAS LINGKUNGAN HIDUP KOTA ADMINISTRASI JAKARTA TIMUR - 2.11.0.00.0.00.01.0005,59453127,49442470,2024,Tender,APBD,PT. BUMI MADANI,Seleksi,Jasa Konsultansi Badan Usaha Konstruksi,PERENCANAAN REHAB TOTAL GEDUNG KANTOR SATPEL LH KECAMATAN JATINEGARA,SELESAI,311255100,311255100
PROVINSI DKI JAKARTA,DINAS SUMBER DAYA AIR - 1.03.0.00.0.00.02.0000,59972127,51756697,2024,Tender,APBD,PT. YESALMA ARTHA JAYA,Tender,Pekerjaan Konstruksi,Peningkatan Sambungan Rumah (SR) SPALD-T Skala Permukiman Sistem Penyaluran Terpisah (Sewerage) Eksisting di Kota Administrasi Jakarta Timur,SELESAI,3330825600,3330825600
PROVINSI DKI JAKARTA,UNIT PENGELOLA JAMINAN KESEHATAN JAKARTA - 1.02.0.00.0.00.01.0011,59332127,46523847,2024,Tender,APBD,Nurhayati Napitupulu,Seleksi,Jasa Konsultansi Perorangan Non Konstruksi,Belanja Jasa Tenaga Ahli Operator Sosial Media,SELESAI,90000000,90000000
PROVINSI DKI JAKARTA,DINAS PERUMAHAN RAKYAT DAN KAWASAN PERMUKIMAN - 1.04.0.00.0.00.01.0000,59246127,45941705,2024,Tender,APBD,PT. SUGITEK INDO TAMA,Seleksi,Jasa Konsultansi Badan Usaha Konstruksi,Jasa Konsultansi Perencanaan Pemeliharaan Berkala Rumah Susun 5 (Pulogebang),SELESAI,395715000,395715000
PROVINSI DKI JAKARTA,SUKU DINAS KESEHATAN KABUPATEN ADMINISTRASI KEPULAUAN SERIBU - 1.02.0.00.0.00.01.0006,60033127,50543917,2024,Tender,APBD,PT. TURBA KALIMAL KONSULTAN,Seleksi,Jasa Konsultansi Badan Usaha Konstruksi,Pengawasan Kontruksi pembangunan mess kesehatan pulau kelapa,SELESAI,434565000,434565000
PROVINSI DKI JAKARTA,BADAN PENDAPATAN DAERAH - 5.02.0.00.0.00.03.0000,59584127,47702511,2024,Tender,APBD,PT. KARYA USAHA MANDIRI UTAMA,Tender,Pekerjaan Konstruksi,Rehab Total Gedung UPPPD Taman Sari,SELESAI,25419876125,25419876125
PROVINSI DKI JAKARTA,SUKU DINAS PERUMAHAN RAKYAT DAN KAWASAN PERMUKIMAN KOTA ADMINISTRASI JAKARTA SELATAN - 1.04.0.00.0.00.01.0004,59629127,49250766,2024,Tender,APBD,PT. GIRI AWAS,Seleksi,Jasa Konsultansi Badan Usaha Konstruksi,"Perencanaan Penyediaan Prasarana, Sarana dan Utilitas (PSU) di Permukiman Kota Administrasi Jakarta Selatan Lokasi 2",SELESAI,588855000,588855000
PROVINSI DKI JAKARTA,SUKU DINAS PERUMAHAN RAKYAT DAN KAWASAN PERMUKIMAN KOTA ADMINISTRASI JAKARTA PUSAT - 1.04.0.00.0.00.01.0001,59572127,47360288,2024,Tender,APBD,PT. Bina Jasindo Sainstek,Seleksi,Jasa Konsultansi Badan Usaha Konstruksi,"Konsultansi Pengawasan Peningkatan Prasarana, Sarana dan Utilitas (PSU) di Kelurahan Menteng",SELESAI,173504100,173504100
PROVINSI DKI JAKARTA,DINAS SUMBER DAYA AIR - 1.03.0.00.0.00.02.0000,59271127,46718904,2024,Tender,APBD,PT INAKKO Internasional Konsulindo,Seleksi,Jasa Konsultansi Badan Usaha Konstruksi,"Pengawasan Pembangunan Polder / Pompa KBN, Sunter C, Greenville (RW 13), dan IKPN Bintaro",SELESAI,3956106600,3956106600
PROVINSI DKI JAKARTA,BADAN PENDAPATAN DAERAH - 5.02.0.00.0.00.03.0000,60159127,48000583,2024,Tender,APBD,PT. TRIJI ANUGRAH JAYA,Tender,Pekerjaan Konstruksi,Perbaikan Gedung Dinas Teknis Abdul Muis,SELESAI,5499264000,5499264000
PROVINSI DKI JAKARTA,DINAS LINGKUNGAN HIDUP - 2.11.0.00.0.00.01.0000,59988127,51510324,2024,Tender,APBD,Ernst & Young Indonesia,Seleksi,Jasa Konsultansi Badan Usaha Non Konstruksi,Pendampingan Penyelenggaraan Nilai Ekonomi Karbon di Jakarta,SELESAI,4378991625,4378991625
PROVINSI DKI JAKARTA,SUKU DINAS PENANGGULANGAN KEBAKARAN DAN PENYELAMATAN KOTA ADMINISTRASI JAKARTA UTARA - 1.05.0.00.0.00.02.0002,59775127,49468070,2024,Tender,APBD,PT. SUGITEK INDO TAMA,Seleksi,Jasa Konsultansi Badan Usaha Konstruksi,Penyediaan jasa konsultan perencanaan pemeliharaan rumah dinas pemadam kebakaran,SELESAI,200521500,200521500
PROVINSI DKI JAKARTA,"DINAS CIPTA KARYA, TATA RUANG DAN PERTANAHAN - 1.03.0.00.0.00.03.0000",59279127,45764134,2024,Tender,APBD,PT. MATARAM SURYA CIPTA,Seleksi,Jasa Konsultansi Badan Usaha Konstruksi,Jasa Konsultansi Perencanaan Rumah Negara Golongan I Tipe A (Jalan Besakih),SELESAI,761349000,761349000
PROVINSI DKI JAKARTA,DINAS PERUMAHAN RAKYAT DAN KAWASAN PERMUKIMAN - 1.04.0.00.0.00.01.0000,59249127,45941636,2024,Tender,APBD,PT. CATUR EKA CIPTA,Seleksi,Jasa Konsultansi Badan Usaha Konstruksi,Jasa Konsultansi Perencanaan Pemeliharaan Berkala Rumah Susun 12 (Sukapura),SELESAI,341074695,341074695
PROVINSI DKI JAKARTA,SUKU DINAS LINGKUNGAN HIDUP KOTA ADMINISTRASI JAKARTA UTARA - 2.11.0.00.0.00.01.0002,59928127,51471971,2024,Tender,APBD,PT. DAYACIPTA KREASI BERSAMA,Seleksi,Jasa Konsultansi Badan Usaha Konstruksi,Pengadaan Jasa Konsultansi Pengawasan Rehabilitasi Gedung Kantor,SELESAI,275868300,275868300
PROVINSI DKI JAKARTA,"DINAS CIPTA KARYA, TATA RUANG DAN PERTANAHAN - 1.03.0.00.0.00.03.0000",59859127,50775683,2024,Tender,APBD,Danureksa Sarana Cipta,Seleksi,Jasa Konsultansi Badan Usaha Konstruksi,Perencanaan Ruang Arsip Gedung Dinas Teknis Jatibaru,SELESAI,187812000,187812000
PROVINSI DKI JAKARTA,DINAS PENANGGULANGAN KEBAKARAN DAN PENYELAMATAN - 1.05.0.00.0.00.02.0000,59834127,50387587,2024,Tender,APBD,PT. EVERSHIP,Seleksi,Jasa Konsultansi Badan Usaha Non Konstruksi,Pengawasan Pemeliharaan dan Perbaikan Fire Boat,SELESAI,276423300,276423300
PROVINSI DKI JAKARTA,DINAS PERUMAHAN RAKYAT DAN KAWASAN PERMUKIMAN - 1.04.0.00.0.00.01.0000,59707127,47582905;51390004,2024,Tender,APBD,PT. SEWUN INDO KONSULTAN,Seleksi,Jasa Konsultansi Badan Usaha Konstruksi,",Pengawasan Pemeliharaan Berkala Rumah Susun 11 (Pondok Bambu)",SELESAI,295787250,295787250
PROVINSI DKI JAKARTA,UNIT PENGELOLA ANGKUTAN PERAIRAN - 2.15.0.00.0.00.01.0018,59736127,49613848,2024,Tender,APBD,PT. AMSEK NUSANTARA,Seleksi,Jasa Konsultansi Badan Usaha Non Konstruksi,Pengawasan Pembangunan Kapal Pelayanan Penumpang,SELESAI,169441500,169441500
PROVINSI DKI JAKARTA,DINAS SUMBER DAYA AIR - 1.03.0.00.0.00.02.0000,59827127,51358252,2024,Tender,APBD,PT.BALQIS MANDIRI KONSULTAN,Seleksi,Jasa Konsultansi Badan Usaha Konstruksi,Pengawasan Pembangunan Embung Penganten Ali III beserta Kelengkapannya,SELESAI,389277000,389277000
PROVINSI DKI JAKARTA,DINAS SUMBER DAYA AIR - 1.03.0.00.0.00.02.0000,59525127,49870218,2024,Tender,APBD,PT. Rekakota Manajemen Konsultan,Seleksi,Jasa Konsultansi Badan Usaha Konstruksi,Pengawasan Pembangunan Prasarana dan Sarana Kali/Sungai dan Kelengkapannya,SELESAI,1505992500,1505992500
PROVINSI DKI JAKARTA,DINAS SUMBER DAYA AIR - 1.03.0.00.0.00.02.0000,59864127,51511342,2024,Tender,APBD,PT. Ambara Puspita,Seleksi,Jasa Konsultansi Badan Usaha Konstruksi,Pengawasan Optimalisasi Sistem Pengelolaan Air Limbah Domestik Terpusat (SPALD-T) Skala Permukiman Eksisting di Provinsi DKI Jakarta Tahun 2024,SELESAI,1188826650,1188826650
PROVINSI DKI JAKARTA,DINAS PEMUDA DAN OLAHRAGA - 2.19.0.00.0.00.01.0000,58881127,45281851,2024,Tender,APBD,PT. TERASIS EROJAYA,Seleksi,Jasa Konsultansi Badan Usaha Konstruksi,Pembangunan Gelanggang Remaja Kecamatan Sawah Besar (Pelaksanaan Jasa Konsultan Pengawas),SELESAI,1098898415,1098898415
PROVINSI DKI JAKARTA,SUKU DINAS SUMBER DAYA AIR KABUPATEN ADMINISTRASI KEPULAUAN SERIBU - 1.03.0.00.0.00.02.0006,59689127,47137551,2024,Tender,APBD,PT. KARYA CIPTA KONSULTAN,Seleksi,Jasa Konsultansi Badan Usaha Konstruksi,Penyusunan Dokumen Lingkungan Bangunan Pengaman Pantai Pulau Kelapa,SELESAI,517015800,517015800
PROVINSI DKI JAKARTA,SUKU DINAS PERUMAHAN RAKYAT DAN KAWASAN PERMUKIMAN KOTA ADMINISTRASI JAKARTA BARAT - 1.04.0.00.0.00.01.0003,59752127,50899310,2024,Tender,APBD,PT. FASADE KOBETAMA INTERNASIONAL,Seleksi,Jasa Konsultansi Badan Usaha Konstruksi,"Perencanaan Penyediaan Prasarana, Sarana dan Utilitas (PSU) di Permukiman Kota Administrasi Jakarta Barat Wilayah 1 ( Jasa Konsultan Perencanaan)",SELESAI,1304161200,1304161200
PROVINSI DKI JAKARTA,SUKU DINAS PERUMAHAN RAKYAT DAN KAWASAN PERMUKIMAN KOTA ADMINISTRASI JAKARTA UTARA - 1.04.0.00.0.00.01.0002,59624127,49198843,2024,Tender,APBD,PT. PRADIPTHA ARGHA CIPTHA,Seleksi,Jasa Konsultansi Badan Usaha Konstruksi,"Perencanaan Penyediaan Prasarana, Sarana dan Utilitas (PSU) di Permukiman Kelurahan Kapuk Muara",SELESAI,358149270,358149270
PROVINSI DKI JAKARTA,"DINAS CIPTA KARYA, TATA RUANG DAN PERTANAHAN - 1.03.0.00.0.00.03.0000",59747127,50409855,2024,Tender,APBD,PT. SAVA BINTANG PADANG,Seleksi,Jasa Konsultansi Badan Usaha Konstruksi,Pengawasan Penggantian dan Pemasangan Peralatan Mesin Pendingln AHU Gedung Blok G Balaikota DKI Jakarta,SELESAI,453157500,453157500
PROVINSI DKI JAKARTA,KOTA ADMINISTRASI JAKARTA UTARA - 7.01.0.00.0.00.02.0000,59368127,48414124,2024,Tender,APBD,PT. DAYACIPTA KREASI BERSAMA,Seleksi,Jasa Konsultansi Badan Usaha Konstruksi,Perencanaan Rehab Total Kantor Lurah Sunter Jaya,SELESAI,414585000,414585000
PROVINSI DKI JAKARTA,SUKU DINAS PENANGGULANGAN KEBAKARAN DAN PENYELAMATAN KOTA ADMINISTRASI JAKARTA UTARA - 1.05.0.00.0.00.02.0002,60161127,49468028,2024,Tender,APBD,PT. BUMI MADANI,Seleksi,Jasa Konsultansi Badan Usaha Konstruksi,Penyediaan jasa konsultan pengawasan pemeliharaan rumah dinas pemadam kebakaran,SELESAI,228687750,228687750
PROVINSI DKI JAKARTA,KOTA ADMINISTRASI JAKARTA UTARA - 7.01.0.00.0.00.02.0000,59616127,48365420,2024,Tender,APBD,PT.PUTRA EL TINJOAN,Tender,Pekerjaan Konstruksi,PENGADAAN JASA KONSTRUKSI REHAB TOTAL KANTOR LURAH SUKAPURA,SELESAI,8299230094,8299230094
PROVINSI DKI JAKARTA,UNIT PENANGANAN SAMPAH BADAN AIR - 2.11.0.00.0.00.01.0010,61266127,50981187,2024,Tender,APBD,PT. ASURANSI UMUM BUMIPUTERA MUDA 1967,Tender,Jasa Lainnya,Penyediaan Jasa Asuransi KDO/KDO Khusus UPS Badan Air (Alat Angkut UPS Badan Air),SELESAI,2480288625,2480288625
PROVINSI DKI JAKARTA,SUKU DINAS PERUMAHAN RAKYAT DAN KAWASAN PERMUKIMAN KOTA ADMINISTRASI JAKARTA SELATAN - 1.04.0.00.0.00.01.0004,59623127,49371676,2024,Tender,APBD,PT. MUGI REKA PERDANA,Seleksi,Jasa Konsultansi Badan Usaha Konstruksi,"Jasa Konsultansi Pengawasan Peningkatan Prasarana, Sarana dan Utilitas (PSU) di Kelurahan Kuningan Barat",SELESAI,140298450,140298450
PROVINSI DKI JAKARTA,SUKU DINAS PERUMAHAN RAKYAT DAN KAWASAN PERMUKIMAN KOTA ADMINISTRASI JAKARTA UTARA - 1.04.0.00.0.00.01.0002,59642127,47390773,2024,Tender,APBD,PT. WAHANA PRAKARSA UTAMA,Seleksi,Jasa Konsultansi Badan Usaha Konstruksi,Pengawasan (Supervision) Pekerjaan Peningkatan Sarana Prasarana dan Utilitas di Kelurahan Ancol,SELESAI,176989500,176989500
PROVINSI DKI JAKARTA,SUKU DINAS KESEHATAN KOTA ADMINISTRASI JAKARTA TIMUR - 1.02.0.00.0.00.01.0005,59931127,48079246,2024,Tender,APBD,CV. PARDALAN TAPIAN RAYA,Tender,Pekerjaan Konstruksi,Pekerjaan Konstruksi Rehabilitasi Total Gedung Puskesmas di Kelurahan Batu Ampar,SELESAI,11115068645,11115068645
PROVINSI DKI JAKARTA,SUKU DINAS PERHUBUNGAN KABUPATEN ADMINISTRASI KEPULAUAN SERIBU - 2.15.0.00.0.00.01.0014,60122127,49596318,2024,Tender,APBD,CAKRA GATRA UTAMA. PT,Seleksi,Jasa Konsultansi Badan Usaha Konstruksi,Pendalaman Kolam Labuh dan Alur Masuk (Jasa Konsultan Pengawasan),SELESAI,237728700,237728700
PROVINSI DKI JAKARTA,SUKU DINAS SUMBER DAYA AIR KOTA ADMINISTRASI JAKARTA UTARA - 1.03.0.00.0.00.02.0002,59798127,51368452,2024,Tender,APBD,PT. TURBA KALIMAL KONSULTAN,Seleksi,Jasa Konsultansi Badan Usaha Konstruksi,Pengawasan Peningkatan Pompa Taman BMW,SELESAI,476689500,476689500
PROVINSI DKI JAKARTA,UNIT PENGELOLA KAWASAN MONUMEN NASIONAL - 3.26.0.00.0.00.01.0009,60214127,45541440,2024,Tender,APBD,PT. SUGITEK INDO TAMA,Seleksi,Jasa Konsultansi Badan Usaha Konstruksi,Perencanaan Restorasi Badan Tugu Monas,SELESAI,264124500,264124500
PROVINSI DKI JAKARTA,SUKU DINAS PERUMAHAN RAKYAT DAN KAWASAN PERMUKIMAN KABUPATEN ADMINISTRASI KEPULAUAN SERIBU - 1.04.0.00.0.00.01.0006,60130127,51849862,2024,Tender,APBD,PT.PADMA BINTANG BUANA,Tender,Pekerjaan Konstruksi,Jasa Konstruksi Pembangunan Fasilitas Umum RW 03 Kelurahan Pulau Pari,SELESAI,400527629,400527629
PROVINSI DKI JAKARTA,"PUSAT DATA DAN INFORMASI CIPTA KARYA, TATA RUANG DAN PERTANAHAN - 1.03.0.00.0.00.03.0007",59789127,50710157,2024,Tender,APBD,CV. APIK KARYA,Seleksi,Jasa Konsultansi Badan Usaha Konstruksi,Jasa Konsultansi Pengawasan Pengembangan Ruang Server,SELESAI,175602000,175602000
PROVINSI DKI JAKARTA,PUSAT PENGEMBANGAN PRODUKTIVITAS DAERAH - 2.07.3.32.3.29.01.0015,59740127,50989708,2024,Tender,APBD,Pt Nara Tunas Karya,Tender,Pekerjaan Konstruksi,Belanja Rehabilitasi Gedung Kantor P3D,SELESAI,5589516322,5589516322
PROVINSI DKI JAKARTA,UNIT PENGELOLA PRASARANA DAN SARANA PENDIDIKAN - 1.01.0.00.0.00.01.0039,61256127,52296024;52399739,2024,Tender,APBDP,PT. DAYACIPTA KREASI BERSAMA,Seleksi,Jasa Konsultansi Badan Usaha Konstruksi,Jasa Konsultansi Perencanaan DED Rehab Total SDN Pondok Bambu 01 Pagi,SELESAI,985247100,985247100
PROVINSI DKI JAKARTA,"DINAS KETAHANAN PANGAN, KELAUTAN DAN PERTANIAN - 2.09.3.25.3.27.01.0000",59748127,48291910,2024,Tender,APBD,PT.BALQIS MANDIRI KONSULTAN,Seleksi,Jasa Konsultansi Badan Usaha Konstruksi,Pengawasan Pelaksanaan Transplantasi Karang,SELESAI,338550000,338550000
PROVINSI DKI JAKARTA,"DINAS CIPTA KARYA, TATA RUANG DAN PERTANAHAN - 1.03.0.00.0.00.03.0000",59579127,49294465,2024,Tender,APBD,PT. MATARAM SURYA CIPTA,Seleksi,Jasa Konsultansi Badan Usaha Konstruksi,Perencanaan Perawatan Bangunan Gedung Dinas Teknis Jatibaru,SELESAI,448273500,448273500
PROVINSI DKI JAKARTA,DINAS KEPENDUDUKAN DAN PENCATATAN SIPIL - 2.12.0.00.0.00.01.0000,59571127,46078935,2024,Tender,APBD,PT. DUNIA CETAK,Tender,Jasa Lainnya,PENJILIDAN REGISTER AKTA,SELESAI,439560000,439560000
PROVINSI DKI JAKARTA,DINAS LINGKUNGAN HIDUP - 2.11.0.00.0.00.01.0000,60011127,51601185;51968362,2024,Tender,APBD,REBEKKA GEMILANG,Tender,Pekerjaan Konstruksi,",Pekerjaan Konstruksi Pembangunan Aula Asrama Ciracas",SELESAI,1516629500,1516629500
PROVINSI DKI JAKARTA,PUSAT PELATIHAN KERJA DAERAH - JAKUT - 2.07.3.32.3.29.01.0008,59661127,47371078;51512185,2024,Tender,APBD,PT.INOVASI MULTI KREASI,Tender,Pekerjaan Konstruksi,Pelaksanaan Konstruksi Gedung Pelatihan,SELESAI,2339349600,2339349600
PROVINSI DKI JAKARTA,SUKU DINAS PERUMAHAN RAKYAT DAN KAWASAN PERMUKIMAN KABUPATEN ADMINISTRASI KEPULAUAN SERIBU - 1.04.0.00.0.00.01.0006,59826127,47833759,2024,Tender,APBD,PT ADINDA MARIA PARSAKTIAN ABADI,Tender,Pekerjaan Konstruksi,Jasa Konstruksi Pembangunan Fasilitas Umum RW 01 Kelurahan Pulau Pari,SELESAI,1475923520,1475923520
PROVINSI DKI JAKARTA,"DINAS CIPTA KARYA, TATA RUANG DAN PERTANAHAN - 1.03.0.00.0.00.03.0000",59765127,50881969,2024,Tender,APBD,PT. SEWUN INDO KONSULTAN,Seleksi,Jasa Konsultansi Badan Usaha Konstruksi,Jasa Konsultansi Konstruksi - Konsultan Pengawas Pembangunan Gedung Kantor UP4 dan Laboratorium Dinas Sumber Daya Air Provinsi DKI Jakarta,SELESAI,496730550,496730550
PROVINSI DKI JAKARTA,"DINAS CIPTA KARYA, TATA RUANG DAN PERTANAHAN - 1.03.0.00.0.00.03.0000",57851127,45334850,2024,Tender,APBD,PT. TIRAMATSI UTAMA,Seleksi,Jasa Konsultansi Badan Usaha Konstruksi,Jasa Konsultansi Perencanaan Rumah Negara Golongan I Tipe A (Jalan Denpasar),SELESAI,683094000,683094000
PROVINSI DKI JAKARTA,SUKU DINAS KESEHATAN KOTA ADMINISTRASI JAKARTA BARAT - 1.02.0.00.0.00.01.0003,59960127,48090960,2024,Tender,APBD,PT. KOMSHA AKUR CONSULT,Seleksi,Jasa Konsultansi Badan Usaha Konstruksi,Pengawasan Konstruksi Rehabilitasi Total Puskesmas di Kelurahan Taman Sari,SELESAI,642912000,642912000
PROVINSI DKI JAKARTA,PUSAT DATA DAN TEKNOLOGI INFORMASI KESEHATAN DAERAH - 1.02.0.00.0.00.01.0089,59345127,47477909,2024,Tender,APBD,Hendra Budi Pratama,Seleksi,Jasa Konsultansi Perorangan Non Konstruksi,Tenaga Ahli Senior Programmer (1),SELESAI,148225000,148225000
PROVINSI DKI JAKARTA,DINAS SUMBER DAYA AIR - 1.03.0.00.0.00.02.0000,59869127,51422541,2024,Tender,APBD,PT.BALQIS MANDIRI KONSULTAN,Seleksi,Jasa Konsultansi Badan Usaha Konstruksi,Pengawasan Pembangunan Fasilitas Umum Pendukung Waduk Munjul,SELESAI,134673525,134673525
PROVINSI DKI JAKARTA,DINAS LINGKUNGAN HIDUP - 2.11.0.00.0.00.01.0000,59690127,46757233;51431326,2024,Tender,APBD,PT. DAYACIPTA KREASI BERSAMA,Seleksi,Jasa Konsultansi Badan Usaha Konstruksi,",Jasa Konsultansi Pengawasan Konstruksi Rehabilitasi Gedung Dinas Lingkungan Hidup",SELESAI,618991500,618991500
PROVINSI DKI JAKARTA,DINAS SUMBER DAYA AIR - 1.03.0.00.0.00.02.0000,59619127,50492285;51451152,2024,Tender,APBD,PT. PULAU BINTAN BESTARI,Tender,Pekerjaan Konstruksi,",Pembangunan Rumah Pompa Cipulir Dalam Rangka Penanganan Genangan Seskoal",SELESAI,28170611362,28170611362
PROVINSI DKI JAKARTA,DINAS PERUMAHAN RAKYAT DAN KAWASAN PERMUKIMAN - 1.04.0.00.0.00.01.0000,59703127,47582666;51389830,2024,Tender,APBD,PT. BUMI MADANI,Seleksi,Jasa Konsultansi Badan Usaha Konstruksi,",Pengawasan Pemeliharaan Berkala Rumah Susun 6 (Cipinang Muara)",SELESAI,284326500,284326500
PROVINSI DKI JAKARTA,DINAS PERHUBUNGAN - 2.15.0.00.0.00.01.0000,57928127,45775331,2024,Tender,APBD,PT. MULIA ARTHALOKA,Seleksi,Jasa Konsultansi Badan Usaha Non Konstruksi,Pengadaan Jasa Konsultansi Survei Pengukuran Capaian SPM Penyelenggaraan LRT Jakarta Tahun 2024,SELESAI,1002235650,1002235650
PROVINSI DKI JAKARTA,SUKU BADAN PENGELOLAAN ASET DAERAH KOTA - JAKSEL - 5.02.0.00.0.00.02.0004,59914127,49052700,2024,Tender,APBD,CIKAL TRANSPARANSI KONSULTAN,Seleksi,Jasa Konsultansi Badan Usaha Konstruksi,Jasa Konsultansi Pengawasan Pemagaran Tanah Aset Milik Pemerintah Provinsi DKI Jakarta di Lahan Dinas Lingkungan Hidup Desa Ciangir Kabupaten Tangerang,SELESAI,393939000,393939000
PROVINSI DKI JAKARTA,UNIT PENGELOLA SAMPAH TERPADU - 2.11.0.00.0.00.01.0008,60044127,46866223,2024,Tender,APBD,SELO CIPTA UTAMA,Tender,Pekerjaan Konstruksi,Rehabilitasi IPAS TPST Bantargebang,SELESAI,10787303365,10787303365
PROVINSI DKI JAKARTA,"DINAS CIPTA KARYA, TATA RUANG DAN PERTANAHAN - 1.03.0.00.0.00.03.0000",57752127,44688250,2024,Tender,APBD,PT TOTAL CAKRA ALAM,Tender,Pekerjaan Konstruksi,Jasa Konstruksi Pembangunan Gedung PMI DKI Jakarta,SELESAI,187176577916,187176577916
PROVINSI DKI JAKARTA,SUKU DINAS PERUMAHAN RAKYAT DAN KAWASAN PERMUKIMAN KOTA ADMINISTRASI JAKARTA PUSAT - 1.04.0.00.0.00.01.0001,59595127,47370626,2024,Tender,APBD,PT. ALFRIZ AULIATAMA,Seleksi,Jasa Konsultansi Badan Usaha Konstruksi,"Konsultansi Pengawasan Peningkatan Prasarana, Sarana dan Utilitas (PSU) di Kelurahan Kramat",SELESAI,149716800,149716800
PROVINSI DKI JAKARTA,DINAS SUMBER DAYA AIR - 1.03.0.00.0.00.02.0000,60073127,51186482;51410337;51539869;51752577,2024,Tender,APBD,PT. KALAPA SATANGKAL MAKMUR SEJAHTERA,Tender,Pekerjaan Konstruksi,",Pembangunan Pompa Tipala Serta Kelengkapan Pompa Marunda (JGC-Metland) dan Pompa Adhyaksa",SELESAI,28730573623,28730573623
PROVINSI DKI JAKARTA,SUKU DINAS KESEHATAN KOTA ADMINISTRASI JAKARTA BARAT - 1.02.0.00.0.00.01.0003,59714127,48392987,2024,Tender,APBD,REBEKKA GEMILANG,Tender,Pekerjaan Konstruksi,Pekerjaaan Konstruksi Rehabilitasi Total Puskesmas di Kelurahan Duri Kepa,SELESAI,5019560953,5019560953
PROVINSI DKI JAKARTA,KOTA ADMINISTRASI JAKARTA UTARA - 7.01.0.00.0.00.02.0000,59445127,48443213,2024,Tender,APBD,PT. GRANITINDO CIPTA SEJATI,Seleksi,Jasa Konsultansi Badan Usaha Konstruksi,Perencanaan Rehab Total Kantor Lurah Marunda,SELESAI,391469250,391469250
PROVINSI DKI JAKARTA,DINAS SUMBER DAYA AIR - 1.03.0.00.0.00.02.0000,59828127,51468340,2024,Tender,APBD,PT. ARTHA DEMO ENGINEERING CONSULTANT,Seleksi,Jasa Konsultansi Badan Usaha Konstruksi,"Reviu Detailed Engineering Design (DED) Pembangunan SPALD-Terpusat Skala Permukiman Sistem Penyaluran Terpisah (Sewerage) di Lapangan Voli Pintu Seng,  RPTRA Tipar Asri, Lahan Parkir RW 16 Kelurahan Penjaringan, Waduk Lebak Bulus dan Taman Jagakarsa",SELESAI,936025815,936025815
PROVINSI DKI JAKARTA,SUKU DINAS SUMBER DAYA AIR KOTA ADMINISTRASI JAKARTA UTARA - 1.03.0.00.0.00.02.0002,59824127,49767166,2024,Tender,APBD,PT. TURBA KALIMAL KONSULTAN,Seleksi,Jasa Konsultansi Badan Usaha Konstruksi,Jasa Konsultansi Pengawasan Perkuatan Tebing Kali Betik,SELESAI,543400500,543400500
PROVINSI DKI JAKARTA,DINAS SOSIAL - 1.06.0.00.0.00.01.0000,59811127,48723009,2024,Tender,APBD,PT. TRIJI ANUGRAH JAYA,Tender,Pekerjaan Konstruksi,Pelaksanaan Rehab Berat Gedung Panti Sosial Tresna Werdha (PSTW) Budi Mulia 4 Ciracas,SELESAI,1426885000,1426885000
PROVINSI DKI JAKARTA,BADAN PENGELOLAAN ASET DAERAH - 5.02.0.00.0.00.02.0000,60225127,52125940,2024,Tender,APBDP,PT. ASURANSI BANGUN ASKRIDA,Tender,Jasa Lainnya,Pengasuransian Aset Bergerak (KDO) Provinsi DKI Jakarta,SELESAI,488604021,488604021
PROVINSI DKI JAKARTA,DINAS LINGKUNGAN HIDUP - 2.11.0.00.0.00.01.0000,60174127,51519213,2024,Tender,APBD,PT. INKONEKSI IZI KONSULTAN,Seleksi,Jasa Konsultansi Badan Usaha Non Konstruksi,Kajian dan Kebijakan Teknis Pengelolaan Sampah ( Study Kelayakan TPS 3R di Provinsi DKI Jakarta ),SELESAI,358724250,358724250
PROVINSI DKI JAKARTA,DINAS PERHUBUNGAN - 2.15.0.00.0.00.01.0000,59542127,49775210,2024,Tender,APBD,"KAP Kanaka Puradiredja, Suhartono",Seleksi,Jasa Konsultansi Badan Usaha Non Konstruksi,Pengadaan Jasa Konsultansi Audit Keuangan Pemberian Subsidi Prasarana dan Sarana LRT Jakarta Tahun 2024,SELESAI,740925000,740925000
PROVINSI DKI JAKARTA,SUKU DINAS PENANGGULANGAN KEBAKARAN DAN PENYELAMATAN KOTA ADMINISTRASI JAKARTA TIMUR - 1.05.0.00.0.00.02.0004,60201127,52140452,2024,Tender,APBD,PT. ALFA MAHKOTA ABADI,Tender,Pekerjaan Konstruksi,Pengadaan Gedung Kantor atau Bangunan Lainnya (Pelaksanaan Konstruksi Pembangunan Pos Pondok Bambu),SELESAI,2254376478,2254376478
PROVINSI DKI JAKARTA,"DINAS CIPTA KARYA, TATA RUANG DAN PERTANAHAN - 1.03.0.00.0.00.03.0000",59586127,46481423,2024,Tender,APBD,PT BRANTAS ABIPRAYA (Persero),Tender,Pekerjaan Konstruksi,Pekerjaan Konstruksi Pembangunan Gedung Kantor Suku Dinas Perhubungan Kota Administrasi Jakarta Utara,SELESAI,100925000001,100925000001
PROVINSI DKI JAKARTA,SUKU DINAS SUMBER DAYA AIR KOTA ADMINISTRASI JAKARTA BARAT - 1.03.0.00.0.00.02.0003,59733127,50824260,2024,Tender,APBD,PT. Gumilang Sajati,Seleksi,Jasa Konsultansi Badan Usaha Konstruksi,Konsultan Pengawas Pembangunan Pintu Air Jl. Pilar Mas Utama Phb Al Kamal,SELESAI,143856000,143856000
PROVINSI DKI JAKARTA,UNIT PENGELOLA SAMPAH TERPADU - 2.11.0.00.0.00.01.0008,59853127,50926114;51646932,2024,Tender,APBD,PT. ALFRIZ AULIATAMA,Seleksi,Jasa Konsultansi Badan Usaha Konstruksi,Pembangunan Hanggar/Bengkel Alat Berat (Konsultan Pengawas),SELESAI,693472500,693472500
PROVINSI DKI JAKARTA,DINAS KESEHATAN - 1.02.0.00.0.00.01.0000,59700127,49770632;51609220,2024,Tender,APBD,PT. MATARAM SURYA CIPTA,Seleksi,Jasa Konsultansi Badan Usaha Konstruksi,JASA KONSULTANSI PERENCANAAN PENGEMBANGAN RSUD DI WILAYAH KECAMATAN JAGAKARSA,SELESAI,860305500,860305500
PROVINSI DKI JAKARTA,"DINAS CIPTA KARYA, TATA RUANG DAN PERTANAHAN - 1.03.0.00.0.00.03.0000",59767127,50536859,2024,Tender,APBD,PT. CIPTA MULTI KREASI,Seleksi,Jasa Konsultansi Badan Usaha Konstruksi,Jasa Konsultansi Pengawasan Pembangunan Anjungan Provinsi DKI Jakarta Pada TMII,SELESAI,1251280800,1251280800
PROVINSI DKI JAKARTA,UNIT PENGELOLA RUMAH SUSUN VIII - 1.04.0.00.0.00.01.0016,60168127,51970870,2024,Tender,APBD,PT. WAHANA PRAKARSA UTAMA,Seleksi,Jasa Konsultansi Badan Usaha Konstruksi,Belanja Jasa Konsultansi  Pengawasan Pemeliharaan Berkala Rumah Susun BLK Pasar Rebo,SELESAI,336274500,336274500
PROVINSI DKI JAKARTA,PUSAT PENGEMBANGAN PRODUKTIVITAS DAERAH - 2.07.3.32.3.29.01.0015,59581127,48760366;51366158,2024,Tender,APBD,PT. CATUR EKA CIPTA,Seleksi,Jasa Konsultansi Badan Usaha Konstruksi,",Belanja Modal Bangunan Gedung Kantor",SELESAI,339282600,339282600
PROVINSI DKI JAKARTA,DINAS PEMUDA DAN OLAHRAGA - 2.19.0.00.0.00.01.0000,58601127,45284883,2024,Tender,APBD,ARIHTA TEKNIK PERSADA JAKARTA,Seleksi,Jasa Konsultansi Badan Usaha Konstruksi,Pembangunan Gedung Kantor Dinas Pemuda dan Olahraga Provinsi DKI Jakarta (Pelaksanaan Manajemen Konstruksi),SELESAI,2106527336,2106527336
PROVINSI DKI JAKARTA,DINAS SOSIAL - 1.06.0.00.0.00.01.0000,59796127,48700174,2024,Tender,APBD,CV. CHARLES MARPA PRIMA,Tender,Pekerjaan Konstruksi,Pelaksanaan Rehab Berat Gedung Panti Sosial Bina Daksa (PSBD) Budi Bhakti 1 Cengkareng,SELESAI,7693864000,7693864000
PROVINSI DKI JAKARTA,SUKU DINAS PERHUBUNGAN KABUPATEN ADMINISTRASI KEPULAUAN SERIBU - 2.15.0.00.0.00.01.0014,60230127,52187710,2024,Tender,APBD,ADHY TAMA. CV,Tender,Pekerjaan Konstruksi,Pemeliharaan Perawatan Dermaga (Konstruksi Fisik),SELESAI,4411408610,4411408610
PROVINSI DKI JAKARTA,DINAS SUMBER DAYA AIR - 1.03.0.00.0.00.02.0000,59844127,51474259;51581760,2024,Tender,APBD,PT Fitama Putri Mandiri,Tender,Pekerjaan Konstruksi,Optimalisasi Sistem Pengelolaan Air Limbah Domestik Terpusat (SPALD-T) Skala Permukiman Eksisting di Provinsi DKI Jakarta Tahun 2024,SELESAI,12821578358,12821578358
PROVINSI DKI JAKARTA,DINAS SUMBER DAYA AIR - 1.03.0.00.0.00.02.0000,59299127,46864186,2024,Tender,APBD,PT. NINDYA KARYA (Persero),Tender,Pekerjaan Konstruksi,"Pembangunan Polder / Pompa KBN, Sunter C, Greenville (RW 13),  dan IKPN Bintaro",SELESAI,101024128418,101024128418
PROVINSI DKI JAKARTA,UNIT PENGELOLA PRASARANA DAN SARANA PENDIDIKAN - 1.01.0.00.0.00.01.0039,59335127,48220191;49374139,2024,Tender,APBD,PT. HUTAMA KARYA (PERSERO),Tender,Pekerjaan Konstruksi,Jasa Konstruksi Rehab Total Gedung Sekolah Tahun 2024 Paket 1,SELESAI,287779779309,287779779309
PROVINSI DKI JAKARTA,DINAS PERUMAHAN RAKYAT DAN KAWASAN PERMUKIMAN - 1.04.0.00.0.00.01.0000,59705127,47582835;51389972,2024,Tender,APBD,PT. KOMSHA AKUR CONSULT,Seleksi,Jasa Konsultansi Badan Usaha Konstruksi,",Pengawasan Pemeliharaan Berkala Rumah Susun 9 (Pulo Jahe)",SELESAI,138195000,138195000
PROVINSI DKI JAKARTA,DINAS SUMBER DAYA AIR - 1.03.0.00.0.00.02.0000,59602127,50431598,2024,Tender,APBD,PT. METTANA,Seleksi,Jasa Konsultansi Badan Usaha Konstruksi,Kajian Dan Perancangan Pembangunan/ Peningkatan Sistem Polder,SELESAI,2748267315,2748267315
PROVINSI DKI JAKARTA,SUKU DINAS PERUMAHAN RAKYAT DAN KAWASAN PERMUKIMAN KOTA ADMINISTRASI JAKARTA PUSAT - 1.04.0.00.0.00.01.0001,59609127,47904516,2024,Tender,APBD,PT. Bina Jasindo Sainstek,Seleksi,Jasa Konsultansi Badan Usaha Konstruksi,"Konsultansi Pengawasan Peningkatan Prasarana, Sarana dan Utilitas (PSU) di Kelurahan Kampung Rawa",SELESAI,149716800,149716800
PROVINSI DKI JAKARTA,DINAS SUMBER DAYA AIR - 1.03.0.00.0.00.02.0000,59718127,51136385,2024,Tender,APBD,PT.BALQIS MANDIRI KONSULTAN,Seleksi,Jasa Konsultansi Badan Usaha Konstruksi,Pengawasan Pembangunan Stasiun Pemantauan Penurunan Tanah,SELESAI,495753750,495753750
PROVINSI DKI JAKARTA,DINAS PERHUBUNGAN - 2.15.0.00.0.00.01.0000,59532127,49697304,2024,Tender,APBD,PT. Zakafa Tunas Cipta,Seleksi,Jasa Konsultansi Badan Usaha Non Konstruksi,Pengadaan Jasa Konsultansi Verifikasi Laporan Penyelenggaraan Subsidi Prasarana dan Sarana MRT Jakarta Tahun 2024,SELESAI,712203750,712203750
PROVINSI DKI JAKARTA,BADAN PENDAPATAN DAERAH - 5.02.0.00.0.00.03.0000,59428127,47705536,2024,Tender,APBD,PT. GRANITINDO CIPTA SEJATI,Seleksi,Jasa Konsultansi Badan Usaha Konstruksi,Pengawasan Lanjutan Pembangunan Gedung UP3D Cempaka Putih,SELESAI,272838000,272838000
PROVINSI DKI JAKARTA,BADAN PENDAPATAN DAERAH - 5.02.0.00.0.00.03.0000,59816127,48012801,2024,Tender,APBD,PT.  CIRIA ADIJAYA MANDIRI,Seleksi,Jasa Konsultansi Badan Usaha Konstruksi,Pengawasan Perbaikan Gedung Samsat,SELESAI,363829000,363829000
PROVINSI DKI JAKARTA,RUMAH SAKIT KHUSUS DAERAH DUREN SAWIT - 1.02.0.00.0.00.01.0062,57809127,45397939,2024,Tender,BLUD,"INTI BEKASI RAYA, PT",Tender,Pekerjaan Konstruksi,Belanja Gedung dan Bangunan - Belanja Modal Gedung Pengembangan,SELESAI,21537955152,21537955152
PROVINSI DKI JAKARTA,DINAS SUMBER DAYA AIR - 1.03.0.00.0.00.02.0000,59676127,49549184,2024,Tender,APBD,PT. NINDYA KARYA (Persero),Tender,Pekerjaan Konstruksi,Pembangunan Tanggul Pengaman Pantai NCICD Fase A Lokasi 1 Paket 2,SELESAI,252700540000,252700540000
PROVINSI DKI JAKARTA,BADAN PENDAPATAN DAERAH - 5.02.0.00.0.00.03.0000,59426127,47701508,2024,Tender,APBD,PT. Rudian Hanskoji Konsultan,Seleksi,Jasa Konsultansi Badan Usaha Konstruksi,Pengawasan Pembangunan Gedung UPPPD Jagakarsa,SELESAI,652957500,652957500
PROVINSI DKI JAKARTA,DINAS SUMBER DAYA AIR - 1.03.0.00.0.00.02.0000,58371127,45942843,2024,Tender,APBD,PT. SEWUN INDO KONSULTAN,Seleksi,Jasa Konsultansi Badan Usaha Konstruksi,Pengawasan Pembangunan Waduk Kali Cipinang Kelurahan Dukuh (Dukuh 2) Area Eks Lahan Dinsos dan Kelengkapannya (Lanjutan),SELESAI,732783150,732783150
PROVINSI DKI JAKARTA,SUKU DINAS PERUMAHAN RAKYAT DAN KAWASAN PERMUKIMAN KOTA ADMINISTRASI JAKARTA SELATAN - 1.04.0.00.0.00.01.0004,59628127,49371562,2024,Tender,APBD,PT. SEWUN INDO KONSULTAN,Seleksi,Jasa Konsultansi Badan Usaha Konstruksi,"Jasa Konsultansi Pengawasan Peningkatan Prasarana, Sarana dan Utilitas (PSU) di Kelurahan Cipete Utara",SELESAI,238317000,238317000
PROVINSI DKI JAKARTA,DINAS KESEHATAN - 1.02.0.00.0.00.01.0000,59906127,49769803,2024,Tender,APBD,PT. FASADE KOBETAMA INTERNASIONAL,Seleksi,Jasa Konsultansi Badan Usaha Konstruksi,Jasa Konsultansi Perencanaan Pembangunan RSUD di Wilayah Kecamatan Cakung,SELESAI,1319795550,1319795550
PROVINSI DKI JAKARTA,UNIT PENGELOLA SAMPAH TERPADU - 2.11.0.00.0.00.01.0008,59096127,45785678,2024,Tender,APBD,PT ARDIA MANDIRI,Seleksi,Jasa Konsultansi Badan Usaha Konstruksi,Pemeliharaan Jalan Operasional (Konsultan Perencana),SELESAI,216450000,216450000
PROVINSI DKI JAKARTA,DINAS PEMUDA DAN OLAHRAGA - 2.19.0.00.0.00.01.0000,59846127,46715008,2024,Tender,APBD,PT. LEOTUNGGAL MANDIRI,Tender,Pekerjaan Konstruksi,Pembangunan Gelanggang Remaja Kecamatan Sawah Besar (Pelaksanaan Konstruksi),SELESAI,25435726246,25435726246
PROVINSI DKI JAKARTA,DINAS SUMBER DAYA AIR - 1.03.0.00.0.00.02.0000,59820127,51423993,2024,Tender,APBD,PT. ALLES KLAR PRIMA,Seleksi,Jasa Konsultansi Badan Usaha Konstruksi,"Pengawasan Pembangunan Polder / Pompa Tipala, Kelengkapan Pompa Adhiyaksa dan JGC Marunda",SELESAI,1269285000,1269285000
PROVINSI DKI JAKARTA,"DINAS CIPTA KARYA, TATA RUANG DAN PERTANAHAN - 1.03.0.00.0.00.03.0000",59763127,50196485,2024,Tender,APBD,ARIHTA TEKNIK PERSADA JAKARTA,Seleksi,Jasa Konsultansi Badan Usaha Konstruksi,Jasa Konsultansi Pengawasan Lanjutan Pembangunan Gudang Satuan Polisi Pamong Praja Cakung,SELESAI,892718020,892718020
PROVINSI DKI JAKARTA,"DINAS CIPTA KARYA, TATA RUANG DAN PERTANAHAN - 1.03.0.00.0.00.03.0000",60021127,51710480,2024,Tender,APBD,PT. SEWUN INDO KONSULTAN,Seleksi,Jasa Konsultansi Badan Usaha Konstruksi,Jasa Konsultansi Pengawasan Rumah Negara Golongan I Tipe A (Jalan Besakih),SELESAI,667665000,667665000
PROVINSI DKI JAKARTA,BADAN PELAYANAN PENGADAAN BARANG/JASA - 5.02.0.00.0.00.04.0000,57886127,44878388;44881503;56964013,2024,Tender,APBD,Ishfahani Saphira,Seleksi,Jasa Konsultansi Perorangan Non Konstruksi,Penyediaan Tenaga Ahli Software Programmer 3,SELESAI,107800000,107800000
PROVINSI DKI JAKARTA,SUKU DINAS PERUMAHAN RAKYAT DAN KAWASAN PERMUKIMAN KOTA ADMINISTRASI JAKARTA PUSAT - 1.04.0.00.0.00.01.0001,59596127,47278468,2024,Tender,APBD,PT JAGAD ALAM SEMESTA,Seleksi,Jasa Konsultansi Badan Usaha Konstruksi,"Konsultansi Pengawasan Peningkatan Prasarana, Sarana dan Utilitas (PSU) di Kelurahan Kemayoran",SELESAI,149616900,149616900
PROVINSI DKI JAKARTA,BADAN PENDAPATAN DAERAH - 5.02.0.00.0.00.03.0000,60057127,47705171,2024,Tender,APBD,CV. MITRA ABADI,Tender,Pekerjaan Konstruksi,Lanjutan Pembangunan Gedung UP3D Cempaka Putih,SELESAI,5653289000,5653289000
PROVINSI DKI JAKARTA,BADAN PENDAPATAN DAERAH - 5.02.0.00.0.00.03.0000,59447127,49605093,2024,Tender,APBD,PT. GRANITINDO CIPTA SEJATI,Seleksi,Jasa Konsultansi Badan Usaha Konstruksi,Perencanaan Gedung UP3D Kebayoran Lama,SELESAI,486457500,486457500
PROVINSI DKI JAKARTA,DINAS SUMBER DAYA AIR - 1.03.0.00.0.00.02.0000,59412127,48997306,2024,Tender,APBD,PT BASUKI RAHMANTA PUTRA,Tender,Pekerjaan Konstruksi,Pembangunan Tanggul Pengaman Pantai NCICD Fase A (Single Year) 2024,SELESAI,91771175513,91771175513
PROVINSI DKI JAKARTA,SUKU DINAS KESEHATAN KABUPATEN ADMINISTRASI KEPULAUAN SERIBU - 1.02.0.00.0.00.01.0006,60145127,50092800,2024,Tender,APBD,PT.WIJAYA BERLIAN TETANINDO,Tender,Pekerjaan Konstruksi,Pembangunan mess kesehatan pulau kelapa,SELESAI,6045045045,6045045045
PROVINSI DKI JAKARTA,UNIT PENGELOLA KAWASAN PERKAMPUNGAN BUDAYA BETAWI - 2.22.0.00.0.00.01.0012,60119127,51821219,2024,Tender,APBD,PT. TIRAMATSI UTAMA,Seleksi,Jasa Konsultansi Badan Usaha Konstruksi,Perencanaan Gedung dan Lansekap Gedung Wisma dan Gedung Pelatihan Seni Budaya,SELESAI,298479000,298479000
PROVINSI DKI JAKARTA,BADAN PENDAPATAN DAERAH - 5.02.0.00.0.00.03.0000,59632127,47701094,2024,Tender,APBD,PT. SUMBER BAYAK KREASI,Tender,Pekerjaan Konstruksi,Pembangunan Gedung UPPPD Jagakarsa,SELESAI,25113786732,25113786732
PROVINSI DKI JAKARTA,SUKU DINAS SUMBER DAYA AIR KABUPATEN ADMINISTRASI KEPULAUAN SERIBU - 1.03.0.00.0.00.02.0006,59417127,45954411,2024,Tender,APBD,PT.BALQIS MANDIRI KONSULTAN,Seleksi,Jasa Konsultansi Badan Usaha Konstruksi,Konsultan Pengawasan Peningkatan SPALD Pulau Untung Jawa,SELESAI,499944000,499944000
PROVINSI DKI JAKARTA,DINAS BINA MARGA - 1.03.0.00.0.00.01.0000,60152127,51932645,2024,Tender,APBD,PT. SECON DWITUNGGAL PUTRA,Seleksi,Jasa Konsultansi Badan Usaha Konstruksi,Pengumpulan dan Pengolahan Data Leger Jalan,SELESAI,1729824000,1729824000
PROVINSI DKI JAKARTA,SUKU DINAS SUMBER DAYA AIR KABUPATEN ADMINISTRASI KEPULAUAN SERIBU - 1.03.0.00.0.00.02.0006,59671127,47135772,2024,Tender,APBD,PT ARFA TUNAS MAKMUR,Tender,Pekerjaan Konstruksi,Peningkatan SPALD Pulau Untung Jawa,SELESAI,14307889365,14307889365
PROVINSI DKI JAKARTA,SUKU DINAS PENANGGULANGAN KEBAKARAN DAN PENYELAMATAN KOTA ADMINISTRASI JAKARTA SELATAN - 1.05.0.00.0.00.02.0005,60013127,48650396,2024,Tender,APBD,PT. DAYACIPTA KREASI BERSAMA,Seleksi,Jasa Konsultansi Badan Usaha Konstruksi,Pengawasan Pelaksanaan Pembangunan Gedung Pos Pejaten,SELESAI,173271000,173271000
PROVINSI DKI JAKARTA,UNIT PENGELOLA SAMPAH TERPADU - 2.11.0.00.0.00.01.0008,59557127,49951806,2024,Tender,APBD,PT. TAMBORA SETIA JAYA,Seleksi,Jasa Konsultansi Badan Usaha Konstruksi,Pembangunan sarana zona titik buang (Konsultan Perencana),SELESAI,1192850400,1192850400
PROVINSI DKI JAKARTA,BADAN PELAYANAN PENGADAAN BARANG/JASA - 5.02.0.00.0.00.04.0000,57887127,44878253;44880828;56964014,2024,Tender,APBD,Sanhaji,Seleksi,Jasa Konsultansi Perorangan Non Konstruksi,Penyediaan Tenaga Ahli Software Programmer 4,SELESAI,111870000,111870000
PROVINSI DKI JAKARTA,SUKU DINAS SUMBER DAYA AIR KABUPATEN ADMINISTRASI KEPULAUAN SERIBU - 1.03.0.00.0.00.02.0006,59416127,45953748,2024,Tender,APBD,PT. BUMI MADANI,Seleksi,Jasa Konsultansi Badan Usaha Konstruksi,Konsultan Pengawasan Pembangunan Breakwater Pulau Panggang,SELESAI,494283000,494283000
PROVINSI DKI JAKARTA,SUKU DINAS PERUMAHAN RAKYAT DAN KAWASAN PERMUKIMAN KOTA ADMINISTRASI JAKARTA PUSAT - 1.04.0.00.0.00.01.0001,59593127,47209188,2024,Tender,APBD,Danureksa Sarana Cipta,Seleksi,Jasa Konsultansi Badan Usaha Konstruksi,"Konsultansi Pengawasan Peningkatan Prasarana, Sarana dan Utilitas (PSU) di Kelurahan Karang Anyar",SELESAI,201337350,201337350
PROVINSI DKI JAKARTA,"DINAS CIPTA KARYA, TATA RUANG DAN PERTANAHAN - 1.03.0.00.0.00.03.0000",59885127,45802012,2024,Tender,APBD,PT. AULIA MULTI SARANA,Tender,Pekerjaan Konstruksi,Jasa Konstruksi Pembangunan Rumah Negara Golongan I Tipe A (Jalan Denpasar),SELESAI,13892270884,13892270884
PROVINSI DKI JAKARTA,DINAS SUMBER DAYA AIR - 1.03.0.00.0.00.02.0000,60058127,51909202,2024,Tender,APBD,PT. DIPO ARTHA ANUGERAH,Tender,Pekerjaan Konstruksi,Pembangunan Stasiun Pemantauan Penurunan Tanah,SELESAI,2951513872,2951513872
PROVINSI DKI JAKARTA,UNIT PENGELOLA SAMPAH TERPADU - 2.11.0.00.0.00.01.0008,57898127,45805154,2024,Tender,APBD,"PT. WIJAYA KARYA (PERSERO), Tbk.",Tender,Pekerjaan Konstruksi Terintegrasi,Pembangunan RDF Plant Jakarta (Rancang dan Bangun),SELESAI,1284554975461,1284554975461
PROVINSI DKI JAKARTA,DINAS PEMUDA DAN OLAHRAGA - 2.19.0.00.0.00.01.0000,59731127,46714078,2024,Tender,APBD,PT. Citra Pamindo Riguna,Tender,Pekerjaan Konstruksi,Pembangunan Gelanggang Remaja Kecamatan Cipayung (Pelaksanaan Konstruksi),SELESAI,28297684469,28297684469
PROVINSI DKI JAKARTA,SUKU DINAS KESEHATAN KABUPATEN ADMINISTRASI KEPULAUAN SERIBU - 1.02.0.00.0.00.01.0006,61249127,50624119,2024,Tender,APBD,PT. GRANITINDO CIPTA SEJATI,Seleksi,Jasa Konsultansi Badan Usaha Konstruksi,Perencanaan X-1 Pembangunan Rumah DInas Pulau Tidung,SELESAI,402430500,402430500
PROVINSI DKI JAKARTA,"DINAS CIPTA KARYA, TATA RUANG DAN PERTANAHAN - 1.03.0.00.0.00.03.0000",59575127,45728335,2024,Tender,APBD,PT. ARKONIN,Seleksi,Jasa Konsultansi Badan Usaha Konstruksi,Jasa Konsultansi Perencanaan Pembangunan Markas Satpol PP Provinsi DKI Jakarta,SELESAI,2943720000,2943720000
PROVINSI DKI JAKARTA,PUSAT DATA DAN TEKNOLOGI INFORMASI KESEHATAN DAERAH - 1.02.0.00.0.00.01.0089,59353127,47480417,2024,Tender,APBD,Fazar Bahari,Seleksi,Jasa Konsultansi Perorangan Non Konstruksi,Tenaga Ahli Junior Programmer (5),SELESAI,111925000,111925000
PROVINSI DKI JAKARTA,"DINAS CIPTA KARYA, TATA RUANG DAN PERTANAHAN - 1.03.0.00.0.00.03.0000",57769127,44760469,2024,Tender,APBD,PT. Environesia Global Saraya,Seleksi,Jasa Konsultansi Badan Usaha Non Konstruksi,Pekerjaan Jasa Konsultansi  Penyusunan Dokumen Lingkungan Komplek Gedung Kantor Dinas Teknis Jatibaru dan Fasilitasnya Provinsi DKI Jakarta,SELESAI,627927000,627927000
PROVINSI DKI JAKARTA,PUSAT DATA DAN TEKNOLOGI INFORMASI KESEHATAN DAERAH - 1.02.0.00.0.00.01.0089,59342127,47483166,2024,Tender,APBD,MUCHTAR LUTHFI,Seleksi,Jasa Konsultansi Perorangan Non Konstruksi,Tenaga Ahli Design Kreatif Visualisasi Motion Grafis,SELESAI,111925000,111925000
PROVINSI DKI JAKARTA,DINAS SUMBER DAYA AIR - 1.03.0.00.0.00.02.0000,60231127,51668037;51949418;52201898,2024,Tender,APBD,PT. METRO KREASI INDOTEKNIK,Tender,Pekerjaan Konstruksi,",Pembangunan Sistem Pengelolaan Air Limbah Domestik Terpusat (SPALD-T) Skala Permukiman di Embung Pekayon, Taman Sirsak, Taman Tongkang, Taman RW 08 Kramat dan Taman RW 10 Sukapura",SELESAI,29600050447,29600050447
PROVINSI DKI JAKARTA,"DINAS CIPTA KARYA, TATA RUANG DAN PERTANAHAN - 1.03.0.00.0.00.03.0000",60146127,52057873,2024,Tender,APBD,"Berkibar Bersama Bendera, PT",Tender,Pekerjaan Konstruksi,Jasa Konstruksi Lanjutan Pembangunan Gudang Satuan Polisi Pamong Praja Cakung,SELESAI,25976845593,25976845593
PROVINSI DKI JAKARTA,UNIT PENGELOLA GELANGGANG JAKARTA BARAT - 2.19.0.00.0.00.01.0014,59967127,46064557,2024,Tender,APBD,CV.Bersaudara,Tender Cepat,Pengadaan Barang,Pemeliharaan Rutin/Berkala Gedung Kantor (Belanja Bahan Kimia Kolam Renang) pada Unit Pengelola Gelanggang Jakarta Barat,SELESAI,165960740,165960740
PROVINSI DKI JAKARTA,RUMAH SAKIT UMUM DAERAH MAMPANG PRAPATAN - 1.02.0.00.0.00.01.0075,59937127,51567869,2024,Tender,APBD,CV. RIAPRIMA PUTRI AMBAR,Tender,Pekerjaan Konstruksi,Pekerjaan 1 Set Pemasangan Instalasi Hydrant dan Fire Sprinkle,SELESAI,1262610093,1262610093
PROVINSI DKI JAKARTA,UNIT PENGELOLA PRASARANA DAN SARANA PENDIDIKAN - 1.01.0.00.0.00.01.0039,59977127,48221716;49374156;51284633,2024,Tender,APBD,PT. CITRA PRASASTI KONSORINDO,Tender,Pekerjaan Konstruksi,Jasa Konstruksi Rehab Total Gedung Sekolah Tahun 2024 Paket 2,SELESAI,234961577461,234961577461
PROVINSI DKI JAKARTA,PUSAT DATA DAN TEKNOLOGI INFORMASI KESEHATAN DAERAH - 1.02.0.00.0.00.01.0089,59348127,47478860,2024,Tender,APBD,rivaldi sasmita,Seleksi,Jasa Konsultansi Perorangan Non Konstruksi,Tenaga Ahli Senior Programmer (4),SELESAI,148225000,148225000
PROVINSI DKI JAKARTA,DINAS SUMBER DAYA AIR - 1.03.0.00.0.00.02.0000,58087127,45689441,2024,Tender,APBD,PT. TRI BINA BUANA,Seleksi,Jasa Konsultansi Badan Usaha Konstruksi,Pengawasan Pembangunan Tanggul Pengaman Pantai NCICD Fase A (Single Year) 2024,SELESAI,1220167500,1220167500
PROVINSI DKI JAKARTA,KOTA ADMINISTRASI JAKARTA BARAT - 7.01.0.00.0.00.03.0000,59701127,50020420,2024,Tender,APBDP,PT.BUARAN RAYA PERMAI,Tender,Pekerjaan Konstruksi,Pekerjaan Konstruksi Rehab Berat Kantor Lurah Kelurahan Semanan,SELESAI,7012352000,7012352000
PROVINSI DKI JAKARTA,"DINAS CIPTA KARYA, TATA RUANG DAN PERTANAHAN - 1.03.0.00.0.00.03.0000",59996127,50775414,2024,Tender,APBD,PT. GIHON WAHANA CIPTA,Seleksi,Jasa Konsultansi Badan Usaha Konstruksi,Pengawasan Perawatan Bangunan Gedung Dinas Teknis Jatibaru,SELESAI,257214000,257214000
PROVINSI DKI JAKARTA,"DINAS CIPTA KARYA, TATA RUANG DAN PERTANAHAN - 1.03.0.00.0.00.03.0000",57740127,44761446,2024,Tender,APBD,PT. Ciriajasa Cipta Mandiri,Seleksi,Jasa Konsultansi Badan Usaha Konstruksi,Jasa Konsultansi Pengawas Pembangunan Gedung Parkir Umum Dinas Teknis Jatibaru,SELESAI,1235139180,1235139180
PROVINSI DKI JAKARTA,DINAS PERUMAHAN RAKYAT DAN KAWASAN PERMUKIMAN - 1.04.0.00.0.00.01.0000,59244127,45941337,2024,Tender,APBD,PT. CATUR EKA CIPTA,Seleksi,Jasa Konsultansi Badan Usaha Konstruksi,Jasa Konsultansi Perencanaan Pemeliharaan Berkala Rumah Susun 1 (Pengadegan),SELESAI,364923600,364923600
PROVINSI DKI JAKARTA,PUSAT DATA DAN TEKNOLOGI INFORMASI KESEHATAN DAERAH - 1.02.0.00.0.00.01.0089,59346127,47478081,2024,Tender,APBD,Nur Rohman Sa'bani Linarno,Seleksi,Jasa Konsultansi Perorangan Non Konstruksi,Tenaga Ahli Senior Programmer (2),SELESAI,148225000,148225000
PROVINSI DKI JAKARTA,DINAS BINA MARGA - 1.03.0.00.0.00.01.0000,59576127,48519893,2024,Tender,APBD,PT. BUMI MADANI,Seleksi,Jasa Konsultansi Badan Usaha Konstruksi,Jasa Konsultansi Pengawasan Pembangunan/Peningkatan Kualitas Pencahayaan Kota mendukung Penerangan Sarana Umum,SELESAI,361915500,361915500
PROVINSI DKI JAKARTA,SUKU DINAS PERUMAHAN RAKYAT DAN KAWASAN PERMUKIMAN KABUPATEN ADMINISTRASI KEPULAUAN SERIBU - 1.04.0.00.0.00.01.0006,60129127,51849857,2024,Tender,APBD,PT. LAGOA NUSANTARA,Tender,Pekerjaan Konstruksi,Jasa Konstruksi Lanjutan Pembangunan Fasilitas Umum di Kelurahan Pulau Kelapa,SELESAI,353067136,353067136
PROVINSI DKI JAKARTA,SUKU DINAS PERHUBUNGAN KABUPATEN ADMINISTRASI KEPULAUAN SERIBU - 2.15.0.00.0.00.01.0014,60123127,49596121,2024,Tender,APBD,PT. ALFRIZ AULIATAMA,Seleksi,Jasa Konsultansi Badan Usaha Konstruksi,Pemeliharaan Perawatan Dermaga (Jasa Konsultansi Pengawasan),SELESAI,264174450,264174450
PROVINSI DKI JAKARTA,DINAS SOSIAL - 1.06.0.00.0.00.01.0000,60228127,48715705,2024,Tender,APBD,PT.LIM CIPTA UTAMA,Tender,Pekerjaan Konstruksi,Pelaksanaan Rehab Total Gedung Panti Sosial Bina Insan (PSBI) Bangun Daya 1 Cengkareng,SELESAI,5037175187,5037175187
